datetime,signal,confluence,entry_price,exit_price,movement_pct,result,target,win_probability,score_category
2026-01-01 00:45:00,SELL (BEARISH),2,1.28053,1.27796894,0.2,WIN ✅ (+0.20%),1,0.9703789,HIGH (>70%)
2026-01-01 01:45:00,BUY (BULLISH),2,1.27784,1.27754,-0.0235,LOSS ❌ (-0.02%),0,0.08578888,LOW (<50%)
2026-01-01 02:30:00,BUY (BULLISH),2,1.27726,1.27981452,0.2,WIN ✅ (+0.20%),1,0.9204388,HIGH (>70%)
2026-01-01 04:45:00,BUY (BULLISH),2,1.27629,1.2788425799999998,0.2,WIN ✅ (+0.20%),1,0.9645908,HIGH (>70%)
2026-01-01 11:00:00,BUY (BULLISH),2,1.27558,1.27813116,0.2,WIN ✅ (+0.20%),1,0.9428644,HIGH (>70%)
2026-01-01 12:15:00,SELL (BEARISH),2,1.27842,1.27754,0.0688,LOSS ❌ (-0.07%),0,0.042759,LOW (<50%)
2026-01-01 12:30:00,SELL (BEARISH),3,1.27919,1.27754,0.129,LOSS ❌ (-0.13%),0,0.040132593,LOW (<50%)
2026-01-01 12:45:00,SELL (BEARISH),2,1.2781,1.27754,0.0438,LOSS ❌ (-0.04%),0,0.056722686,LOW (<50%)
2026-01-01 15:30:00,SELL (BEARISH),2,1.28005,1.28539,-0.4172,LOSS ❌ (0.42%),0,0.03868573,LOW (<50%)
2026-01-01 16:15:00,SELL (BEARISH),2,1.28037,1.28539,-0.3921,LOSS ❌ (0.39%),0,0.034785837,LOW (<50%)
2026-01-01 17:00:00,SELL (BEARISH),2,1.28088,1.28539,-0.3521,LOSS ❌ (0.35%),0,0.06245884,LOW (<50%)
2026-01-01 17:45:00,SELL (BEARISH),2,1.28283,1.28026434,0.2,WIN ✅ (+0.20%),1,0.94109887,HIGH (>70%)
2026-01-01 20:30:00,SELL (BEARISH),2,1.2834,1.28539,-0.1551,LOSS ❌ (0.16%),0,0.034903277,LOW (<50%)
2026-01-01 22:15:00,SELL (BEARISH),2,1.28685,1.2842763,0.2,WIN ✅ (+0.20%),1,0.9337274,HIGH (>70%)
2026-01-02 06:00:00,BUY (BULLISH),3,1.28535,1.2879207,0.2,WIN ✅ (+0.20%),1,0.9540763,HIGH (>70%)
2026-01-02 08:00:00,BUY (BULLISH),2,1.28558,1.28815116,0.2,WIN ✅ (+0.20%),1,0.9772989,HIGH (>70%)
2026-01-02 11:30:00,SELL (BEARISH),2,1.28707,1.28539,0.1305,LOSS ❌ (-0.13%),0,0.05205681,LOW (<50%)
2026-01-02 16:45:00,SELL (BEARISH),2,1.28777,1.28519446,0.2,WIN ✅ (+0.20%),1,0.9185679,HIGH (>70%)
2026-01-02 18:00:00,SELL (BEARISH),2,1.28815,1.2855736999999998,0.2,WIN ✅ (+0.20%),1,0.95762473,HIGH (>70%)
2026-01-02 18:30:00,SELL (BEARISH),3,1.2879,1.2853242,0.2,WIN ✅ (+0.20%),1,0.95226574,HIGH (>70%)
2026-01-02 21:15:00,BUY (BULLISH),2,1.28478,1.28045,-0.337,LOSS ❌ (-0.34%),0,0.039686207,LOW (<50%)
2026-01-03 04:00:00,BUY (BULLISH),2,1.28249,1.28045,-0.1591,LOSS ❌ (-0.16%),0,0.06609917,LOW (<50%)
2026-01-03 05:15:00,BUY (BULLISH),3,1.28117,1.28045,-0.0562,LOSS ❌ (-0.06%),0,0.09666188,LOW (<50%)
2026-01-03 06:30:00,BUY (BULLISH),2,1.27745,1.2800049,0.2,WIN ✅ (+0.20%),1,0.98168623,HIGH (>70%)
2026-01-03 07:00:00,BUY (BULLISH),2,1.27644,1.27899288,0.2,WIN ✅ (+0.20%),1,0.98801243,HIGH (>70%)
2026-01-03 07:15:00,BUY (BULLISH),2,1.27627,1.27882254,0.2,WIN ✅ (+0.20%),1,0.9948978,HIGH (>70%)
2026-01-03 08:45:00,BUY (BULLISH),2,1.27614,1.27869228,0.2,WIN ✅ (+0.20%),1,0.95232457,HIGH (>70%)
2026-01-03 12:30:00,SELL (BEARISH),2,1.28053,1.28045,0.0062,LOSS ❌ (-0.01%),0,0.06446689,LOW (<50%)
2026-01-03 16:00:00,SELL (BEARISH),2,1.28465,1.2820807,0.2,WIN ✅ (+0.20%),1,0.9272746,HIGH (>70%)
2026-01-03 16:30:00,SELL (BEARISH),2,1.28421,1.28164158,0.2,WIN ✅ (+0.20%),1,0.9239707,HIGH (>70%)
2026-01-04 01:00:00,BUY (BULLISH),2,1.28303,1.2855960599999998,0.2,WIN ✅ (+0.20%),1,0.9781925,HIGH (>70%)
2026-01-04 01:45:00,BUY (BULLISH),2,1.28313,1.28569626,0.2,WIN ✅ (+0.20%),1,0.96966445,HIGH (>70%)
2026-01-04 02:30:00,BUY (BULLISH),2,1.28164,1.2842032799999998,0.2,WIN ✅ (+0.20%),1,0.94957304,HIGH (>70%)
2026-01-04 02:45:00,BUY (BULLISH),2,1.28244,1.28500488,0.2,WIN ✅ (+0.20%),1,0.97940505,HIGH (>70%)
2026-01-04 05:00:00,BUY (BULLISH),2,1.28103,1.28359206,0.2,WIN ✅ (+0.20%),1,0.9806973,HIGH (>70%)
2026-01-04 05:45:00,BUY (BULLISH),2,1.28072,1.28328144,0.2,WIN ✅ (+0.20%),1,0.9309469,HIGH (>70%)
2026-01-04 07:45:00,SELL (BEARISH),2,1.28432,1.28849,-0.3247,LOSS ❌ (0.32%),0,0.025075365,LOW (<50%)
2026-01-04 09:15:00,SELL (BEARISH),2,1.28605,1.28849,-0.1897,LOSS ❌ (0.19%),0,0.07267825,LOW (<50%)
2026-01-04 12:00:00,SELL (BEARISH),2,1.28846,1.28849,-0.0023,LOSS ❌ (0.00%),0,0.0772098,LOW (<50%)
2026-01-04 12:30:00,SELL (BEARISH),2,1.28776,1.28849,-0.0567,LOSS ❌ (0.06%),0,0.07545692,LOW (<50%)
2026-01-04 17:15:00,SELL (BEARISH),2,1.28779,1.28521442,0.2,WIN ✅ (+0.20%),1,0.946862,HIGH (>70%)
2026-01-04 18:00:00,SELL (BEARISH),2,1.28911,1.28653178,0.2,WIN ✅ (+0.20%),1,0.9787067,HIGH (>70%)
2026-01-04 21:00:00,SELL (BEARISH),2,1.2906,1.2880188,0.2,WIN ✅ (+0.20%),1,0.95839685,HIGH (>70%)
2026-01-04 21:15:00,SELL (BEARISH),3,1.29054,1.28795892,0.2,WIN ✅ (+0.20%),1,0.9646467,HIGH (>70%)
2026-01-05 01:45:00,BUY (BULLISH),2,1.2883,1.2859,-0.1863,LOSS ❌ (-0.19%),0,0.07641625,LOW (<50%)
2026-01-05 02:00:00,BUY (BULLISH),3,1.2885,1.2859,-0.2018,LOSS ❌ (-0.20%),0,0.056025222,LOW (<50%)
2026-01-05 02:30:00,BUY (BULLISH),2,1.2879,1.2904758,0.2,WIN ✅ (+0.20%),1,0.98062426,HIGH (>70%)
2026-01-05 03:45:00,BUY (BULLISH),2,1.28909,1.2859,-0.2475,LOSS ❌ (-0.25%),0,0.051989675,LOW (<50%)
2026-01-05 05:00:00,BUY (BULLISH),2,1.2889,1.2859,-0.2328,LOSS ❌ (-0.23%),0,0.038977686,LOW (<50%)
2026-01-05 06:30:00,SELL (BEARISH),2,1.28896,1.28638208,0.2,WIN ✅ (+0.20%),1,0.9914513,HIGH (>70%)
2026-01-05 08:15:00,BUY (BULLISH),3,1.28568,1.2882513599999998,0.2,WIN ✅ (+0.20%),1,0.97017497,HIGH (>70%)
2026-01-05 15:15:00,BUY (BULLISH),3,1.28484,1.28740968,0.2,WIN ✅ (+0.20%),1,0.96504074,HIGH (>70%)
2026-01-05 15:45:00,BUY (BULLISH),2,1.28373,1.28629746,0.2,WIN ✅ (+0.20%),1,0.97971046,HIGH (>70%)
2026-01-05 16:00:00,BUY (BULLISH),2,1.28408,1.2866481600000002,0.2,WIN ✅ (+0.20%),1,0.98886675,HIGH (>70%)
2026-01-05 16:15:00,BUY (BULLISH),3,1.28425,1.2868185,0.2,WIN ✅ (+0.20%),1,0.94467974,HIGH (>70%)
2026-01-05 18:45:00,BUY (BULLISH),2,1.28333,1.28589666,0.2,WIN ✅ (+0.20%),1,0.9632029,HIGH (>70%)
2026-01-05 19:15:00,BUY (BULLISH),2,1.28262,1.28518524,0.2,WIN ✅ (+0.20%),1,0.9945726,HIGH (>70%)
2026-01-05 19:30:00,BUY (BULLISH),2,1.28312,1.28568624,0.2,WIN ✅ (+0.20%),1,0.9793702,HIGH (>70%)
2026-01-05 21:30:00,SELL (BEARISH),2,1.28613,1.28355774,0.2,WIN ✅ (+0.20%),1,0.9574713,HIGH (>70%)
2026-01-05 21:45:00,SELL (BEARISH),2,1.28604,1.28346792,0.2,WIN ✅ (+0.20%),1,0.97364795,HIGH (>70%)
2026-01-05 23:00:00,BUY (BULLISH),2,1.28194,1.2845038800000002,0.2,WIN ✅ (+0.20%),1,0.9732569,HIGH (>70%)
2026-01-05 23:15:00,BUY (BULLISH),2,1.28206,1.28462412,0.2,WIN ✅ (+0.20%),1,0.96979755,HIGH (>70%)
2026-01-06 07:30:00,BUY (BULLISH),2,1.28,1.28256,0.2,WIN ✅ (+0.20%),1,0.98660165,HIGH (>70%)
2026-01-06 10:45:00,SELL (BEARISH),2,1.28393,1.28136214,0.2,WIN ✅ (+0.20%),1,0.974263,HIGH (>70%)
2026-01-06 11:30:00,SELL (BEARISH),2,1.28526,1.2826894800000002,0.2,WIN ✅ (+0.20%),1,0.9835443,HIGH (>70%)
2026-01-06 11:45:00,SELL (BEARISH),2,1.28475,1.2821805,0.2,WIN ✅ (+0.20%),1,0.968665,HIGH (>70%)
2026-01-06 14:45:00,BUY (BULLISH),3,1.28152,1.28408304,0.2,WIN ✅ (+0.20%),1,0.9920495,HIGH (>70%)
2026-01-06 15:15:00,BUY (BULLISH),2,1.28207,1.27856,-0.2738,LOSS ❌ (-0.27%),0,0.043283463,LOW (<50%)
2026-01-06 17:30:00,BUY (BULLISH),2,1.28086,1.2834217200000002,0.2,WIN ✅ (+0.20%),1,0.9365979,HIGH (>70%)
2026-01-07 02:45:00,SELL (BEARISH),2,1.28321,1.28064358,0.2,WIN ✅ (+0.20%),1,0.96960855,HIGH (>70%)
2026-01-07 05:15:00,SELL (BEARISH),2,1.28403,1.28146194,0.2,WIN ✅ (+0.20%),1,0.9569128,HIGH (>70%)
2026-01-07 10:00:00,BUY (BULLISH),2,1.27804,1.27856,0.0407,LOSS ❌ (0.04%),0,0.101821646,LOW (<50%)
2026-01-07 10:15:00,BUY (BULLISH),2,1.2779,1.2804558,0.2,WIN ✅ (+0.20%),1,0.9285979,HIGH (>70%)
2026-01-07 15:30:00,SELL (BEARISH),2,1.27891,1.27635218,0.2,WIN ✅ (+0.20%),1,0.9666995,HIGH (>70%)
2026-01-07 16:00:00,SELL (BEARISH),2,1.27917,1.27661166,0.2,WIN ✅ (+0.20%),1,0.93256646,HIGH (>70%)
2026-01-07 19:00:00,BUY (BULLISH),2,1.27583,1.27838166,0.2,WIN ✅ (+0.20%),1,0.9819801,HIGH (>70%)
2026-01-07 20:00:00,BUY (BULLISH),2,1.27448,1.27702896,0.2,WIN ✅ (+0.20%),1,0.98401433,HIGH (>70%)
2026-01-07 21:15:00,BUY (BULLISH),2,1.27371,1.27625742,0.2,WIN ✅ (+0.20%),1,0.97866493,HIGH (>70%)
2026-01-07 23:45:00,SELL (BEARISH),3,1.27711,1.27455578,0.2,WIN ✅ (+0.20%),1,0.96054184,HIGH (>70%)
2026-01-08 00:00:00,SELL (BEARISH),2,1.27748,1.2749250399999998,0.2,WIN ✅ (+0.20%),1,0.9633981,HIGH (>70%)
2026-01-08 00:30:00,SELL (BEARISH),2,1.2764,1.2738472,0.2,WIN ✅ (+0.20%),1,0.98195165,HIGH (>70%)
2026-01-08 13:00:00,SELL (BEARISH),2,1.27673,1.27559,0.0893,LOSS ❌ (-0.09%),0,0.061804928,LOW (<50%)
2026-01-08 14:30:00,BUY (BULLISH),2,1.27418,1.27672836,0.2,WIN ✅ (+0.20%),1,0.93754876,HIGH (>70%)
2026-01-09 11:00:00,SELL (BEARISH),2,1.28425,1.28425,0.0,LOSS ❌ (-0.00%),0,0.1067125,LOW (<50%)
2026-01-09 15:45:00,BUY (BULLISH),2,1.28195,1.2845139,0.2,WIN ✅ (+0.20%),1,0.95544964,HIGH (>70%)
2026-01-09 17:15:00,BUY (BULLISH),2,1.27929,1.28184858,0.2,WIN ✅ (+0.20%),1,0.989489,HIGH (>70%)
2026-01-09 18:45:00,BUY (BULLISH),2,1.27965,1.2822093,0.2,WIN ✅ (+0.20%),1,0.92501473,HIGH (>70%)
2026-01-09 22:00:00,SELL (BEARISH),2,1.2842,1.2816316,0.2,WIN ✅ (+0.20%),1,0.96507293,HIGH (>70%)
2026-01-10 01:15:00,SELL (BEARISH),2,1.28538,1.28280924,0.2,WIN ✅ (+0.20%),1,0.96375,HIGH (>70%)
2026-01-10 03:45:00,SELL (BEARISH),2,1.28722,1.28464556,0.2,WIN ✅ (+0.20%),1,0.96276563,HIGH (>70%)
2026-01-10 06:30:00,BUY (BULLISH),2,1.28463,1.28719926,0.2,WIN ✅ (+0.20%),1,0.9883178,HIGH (>70%)
2026-01-10 09:15:00,BUY (BULLISH),2,1.28421,1.28234,-0.1456,LOSS ❌ (-0.15%),0,0.07064771,LOW (<50%)
2026-01-10 10:15:00,BUY (BULLISH),2,1.28269,1.28234,-0.0273,LOSS ❌ (-0.03%),0,0.08987261,LOW (<50%)
2026-01-10 11:30:00,BUY (BULLISH),3,1.27862,1.28117724,0.2,WIN ✅ (+0.20%),1,0.99011886,HIGH (>70%)
2026-01-10 11:45:00,BUY (BULLISH),3,1.27804,1.28059608,0.2,WIN ✅ (+0.20%),1,0.9812197,HIGH (>70%)
2026-01-10 12:00:00,BUY (BULLISH),2,1.27855,1.2811071,0.2,WIN ✅ (+0.20%),1,0.9974323,HIGH (>70%)
2026-01-10 12:30:00,BUY (BULLISH),2,1.27816,1.28071632,0.2,WIN ✅ (+0.20%),1,0.996238,HIGH (>70%)
2026-01-10 16:00:00,SELL (BEARISH),2,1.28308,1.28051384,0.2,WIN ✅ (+0.20%),1,0.9962658,HIGH (>70%)
2026-01-10 18:45:00,BUY (BULLISH),2,1.28059,1.26844,-0.9488,LOSS ❌ (-0.95%),0,0.03980621,LOW (<50%)
2026-01-10 19:00:00,BUY (BULLISH),3,1.28098,1.26844,-0.9789,LOSS ❌ (-0.98%),0,0.028739031,LOW (<50%)
2026-01-10 19:30:00,BUY (BULLISH),2,1.28024,1.26844,-0.9217,LOSS ❌ (-0.92%),0,0.04032949,LOW (<50%)
2026-01-10 21:45:00,BUY (BULLISH),2,1.27884,1.26844,-0.8132,LOSS ❌ (-0.81%),0,0.032853287,LOW (<50%)
2026-01-10 22:00:00,BUY (BULLISH),2,1.27919,1.26844,-0.8404,LOSS ❌ (-0.84%),0,0.031291436,LOW (<50%)
2026-01-10 22:45:00,BUY (BULLISH),2,1.27895,1.26844,-0.8218,LOSS ❌ (-0.82%),0,0.04370467,LOW (<50%)
2026-01-10 23:45:00,BUY (BULLISH),2,1.27779,1.28034558,0.2,WIN ✅ (+0.20%),1,0.96365696,HIGH (>70%)
2026-01-11 02:00:00,BUY (BULLISH),2,1.27816,1.26844,-0.7605,LOSS ❌ (-0.76%),0,0.08748567,LOW (<50%)
2026-01-11 07:45:00,BUY (BULLISH),2,1.27211,1.2746542200000002,0.2,WIN ✅ (+0.20%),1,0.9860394,HIGH (>70%)
2026-01-11 08:00:00,BUY (BULLISH),2,1.27245,1.2749949,0.2,WIN ✅ (+0.20%),1,0.9933524,HIGH (>70%)
2026-01-11 08:45:00,BUY (BULLISH),3,1.27253,1.26844,-0.3214,LOSS ❌ (-0.32%),0,0.078659505,LOW (<50%)
2026-01-11 12:45:00,BUY (BULLISH),2,1.26896,1.26844,-0.041,LOSS ❌ (-0.04%),0,0.08280076,LOW (<50%)
2026-01-11 14:30:00,BUY (BULLISH),2,1.26792,1.27045584,0.2,WIN ✅ (+0.20%),1,0.93902826,HIGH (>70%)
2026-01-11 17:15:00,SELL (BEARISH),2,1.27248,1.26993504,0.2,WIN ✅ (+0.20%),1,0.9710215,HIGH (>70%)
2026-01-11 17:45:00,SELL (BEARISH),2,1.27213,1.26958574,0.2,WIN ✅ (+0.20%),1,0.9824822,HIGH (>70%)
2026-01-11 20:45:00,BUY (BULLISH),2,1.26871,1.26164,-0.5573,LOSS ❌ (-0.56%),0,0.055450633,LOW (<50%)
2026-01-12 04:45:00,BUY (BULLISH),2,1.26545,1.26164,-0.3011,LOSS ❌ (-0.30%),0,0.06333226,LOW (<50%)
2026-01-12 06:15:00,BUY (BULLISH),2,1.26137,1.2638927400000002,0.2,WIN ✅ (+0.20%),1,0.9904591,HIGH (>70%)
2026-01-12 16:15:00,BUY (BULLISH),2,1.25694,1.25945388,0.2,WIN ✅ (+0.20%),1,0.9729327,HIGH (>70%)
2026-01-12 18:15:00,BUY (BULLISH),2,1.25551,1.25802102,0.2,WIN ✅ (+0.20%),1,0.9911333,HIGH (>70%)
2026-01-12 18:30:00,BUY (BULLISH),2,1.25672,1.25923344,0.2,WIN ✅ (+0.20%),1,0.9834922,HIGH (>70%)
2026-01-12 20:30:00,BUY (BULLISH),3,1.25531,1.25782062,0.2,WIN ✅ (+0.20%),1,0.9487663,HIGH (>70%)
2026-01-12 23:45:00,SELL (BEARISH),2,1.25835,1.2558333000000002,0.2,WIN ✅ (+0.20%),1,0.92679626,HIGH (>70%)
2026-01-13 01:45:00,BUY (BULLISH),3,1.25525,1.2472,-0.6413,LOSS ❌ (-0.64%),0,0.04292886,LOW (<50%)
2026-01-13 04:15:00,BUY (BULLISH),2,1.25443,1.25693886,0.2,WIN ✅ (+0.20%),1,0.9804658,HIGH (>70%)
2026-01-13 07:15:00,BUY (BULLISH),3,1.25168,1.2472,-0.3579,LOSS ❌ (-0.36%),0,0.09457296,LOW (<50%)
2026-01-13 08:00:00,BUY (BULLISH),3,1.24899,1.25148798,0.2,WIN ✅ (+0.20%),1,0.9452981,HIGH (>70%)
2026-01-13 08:30:00,BUY (BULLISH),2,1.24955,1.2520491,0.2,WIN ✅ (+0.20%),1,0.9934908,HIGH (>70%)
2026-01-13 13:45:00,BUY (BULLISH),2,1.24623,1.2472,0.0778,LOSS ❌ (0.08%),0,0.13236785,LOW (<50%)
2026-01-13 14:00:00,BUY (BULLISH),2,1.2472,1.2496944,0.2,WIN ✅ (+0.20%),1,0.98585343,HIGH (>70%)
2026-01-13 19:45:00,BUY (BULLISH),2,1.24702,1.24951404,0.2,WIN ✅ (+0.20%),1,0.96005946,HIGH (>70%)
2026-01-13 20:45:00,SELL (BEARISH),3,1.2498,1.25826,-0.6769,LOSS ❌ (0.68%),0,0.025789596,LOW (<50%)
2026-01-13 22:45:00,SELL (BEARISH),2,1.2503,1.25826,-0.6366,LOSS ❌ (0.64%),0,0.09261851,LOW (<50%)
2026-01-14 00:15:00,SELL (BEARISH),2,1.25345,1.25826,-0.3837,LOSS ❌ (0.38%),0,0.04366206,LOW (<50%)
2026-01-14 01:00:00,SELL (BEARISH),3,1.25371,1.25826,-0.3629,LOSS ❌ (0.36%),0,0.045865428,LOW (<50%)
2026-01-14 01:30:00,SELL (BEARISH),3,1.25446,1.25826,-0.3029,LOSS ❌ (0.30%),0,0.027189782,LOW (<50%)
2026-01-14 02:30:00,SELL (BEARISH),3,1.25607,1.25355786,0.2,WIN ✅ (+0.20%),1,0.92007893,HIGH (>70%)
2026-01-14 02:45:00,SELL (BEARISH),2,1.2559,1.2533882,0.2,WIN ✅ (+0.20%),1,0.92012215,HIGH (>70%)
2026-01-14 06:15:00,BUY (BULLISH),2,1.25411,1.25661822,0.2,WIN ✅ (+0.20%),1,0.96360904,HIGH (>70%)
2026-01-14 08:00:00,SELL (BEARISH),2,1.25568,1.25826,-0.2055,LOSS ❌ (0.21%),0,0.06620278,LOW (<50%)
2026-01-14 10:00:00,SELL (BEARISH),2,1.25719,1.25826,-0.0851,LOSS ❌ (0.09%),0,0.01396997,LOW (<50%)
2026-01-14 18:15:00,SELL (BEARISH),2,1.26108,1.26961,-0.6764,LOSS ❌ (0.68%),0,0.016088156,LOW (<50%)
2026-01-14 18:45:00,SELL (BEARISH),2,1.2621,1.2595758,0.2,WIN ✅ (+0.20%),1,0.90806603,HIGH (>70%)
2026-01-14 19:00:00,SELL (BEARISH),2,1.26177,1.26961,-0.6213,LOSS ❌ (0.62%),0,0.02088024,LOW (<50%)
2026-01-14 20:00:00,SELL (BEARISH),3,1.2626,1.26961,-0.5552,LOSS ❌ (0.56%),0,0.014887239,LOW (<50%)
2026-01-14 20:15:00,SELL (BEARISH),2,1.26324,1.26961,-0.5043,LOSS ❌ (0.50%),0,0.024375513,LOW (<50%)
2026-01-14 20:45:00,SELL (BEARISH),2,1.26378,1.26961,-0.4613,LOSS ❌ (0.46%),0,0.015442666,LOW (<50%)
2026-01-14 21:45:00,SELL (BEARISH),2,1.26508,1.26961,-0.3581,LOSS ❌ (0.36%),0,0.07123289,LOW (<50%)
2026-01-14 22:15:00,SELL (BEARISH),2,1.26607,1.26961,-0.2796,LOSS ❌ (0.28%),0,0.045223128,LOW (<50%)
2026-01-15 00:00:00,SELL (BEARISH),2,1.26782,1.26528436,0.2,WIN ✅ (+0.20%),1,0.93244517,HIGH (>70%)
2026-01-15 03:00:00,SELL (BEARISH),2,1.26866,1.26961,-0.0749,LOSS ❌ (0.07%),0,0.048874963,LOW (<50%)
2026-01-15 08:45:00,SELL (BEARISH),2,1.27065,1.2681087,0.2,WIN ✅ (+0.20%),1,0.9378236,HIGH (>70%)
2026-01-16 03:00:00,SELL (BEARISH),2,1.2703,1.2677594,0.2,WIN ✅ (+0.20%),1,0.9330261,HIGH (>70%)
2026-01-16 03:15:00,SELL (BEARISH),3,1.2698,1.2672604,0.2,WIN ✅ (+0.20%),1,0.98070425,HIGH (>70%)
2026-01-16 05:15:00,SELL (BEARISH),2,1.27158,1.2690368399999998,0.2,WIN ✅ (+0.20%),1,0.9821921,HIGH (>70%)
2026-01-16 05:30:00,SELL (BEARISH),2,1.27053,1.26798894,0.2,WIN ✅ (+0.20%),1,0.95677257,HIGH (>70%)
2026-01-16 12:30:00,SELL (BEARISH),2,1.27412,1.27518,-0.0832,LOSS ❌ (0.08%),0,0.061623644,LOW (<50%)
2026-01-16 13:00:00,SELL (BEARISH),2,1.27362,1.27518,-0.1225,LOSS ❌ (0.12%),0,0.012521816,LOW (<50%)
2026-01-16 14:00:00,SELL (BEARISH),2,1.27518,1.27262964,0.2,WIN ✅ (+0.20%),1,0.9514952,HIGH (>70%)
2026-01-17 01:30:00,BUY (BULLISH),2,1.27525,1.2778005,0.2,WIN ✅ (+0.20%),1,0.9376484,HIGH (>70%)
2026-01-17 07:00:00,SELL (BEARISH),2,1.27617,1.27361766,0.2,WIN ✅ (+0.20%),1,0.97834206,HIGH (>70%)
2026-01-17 17:15:00,SELL (BEARISH),2,1.27532,1.27276936,0.2,WIN ✅ (+0.20%),1,0.9621087,HIGH (>70%)
2026-01-18 00:00:00,SELL (BEARISH),2,1.27781,1.2752543799999998,0.2,WIN ✅ (+0.20%),1,0.97819215,HIGH (>70%)
2026-01-18 06:00:00,BUY (BULLISH),2,1.27571,1.27826142,0.2,WIN ✅ (+0.20%),1,0.9882791,HIGH (>70%)
2026-01-18 10:15:00,SELL (BEARISH),2,1.27639,1.27974,-0.2625,LOSS ❌ (0.26%),0,0.07721318,LOW (<50%)
2026-01-18 13:15:00,SELL (BEARISH),3,1.28015,1.27974,0.032,LOSS ❌ (-0.03%),0,0.017432451,LOW (<50%)
2026-01-18 23:00:00,SELL (BEARISH),2,1.28243,1.28278,-0.0273,LOSS ❌ (0.03%),0,0.025281325,LOW (<50%)
2026-01-18 23:30:00,SELL (BEARISH),2,1.28144,1.28278,-0.1046,LOSS ❌ (0.10%),0,0.043012988,LOW (<50%)
2026-01-19 00:00:00,SELL (BEARISH),3,1.28315,1.28278,0.0288,LOSS ❌ (-0.03%),0,0.06365176,LOW (<50%)
2026-01-19 03:45:00,SELL (BEARISH),2,1.28672,1.2841465600000002,0.2,WIN ✅ (+0.20%),1,0.9564987,HIGH (>70%)
2026-01-19 06:00:00,BUY (BULLISH),2,1.28322,1.28578644,0.2,WIN ✅ (+0.20%),1,0.98112637,HIGH (>70%)
2026-01-19 11:30:00,BUY (BULLISH),2,1.28381,1.28278,-0.0802,LOSS ❌ (-0.08%),0,0.07243932,LOW (<50%)
2026-01-19 12:15:00,BUY (BULLISH),3,1.28254,1.28510508,0.2,WIN ✅ (+0.20%),1,0.9719078,HIGH (>70%)
2026-01-19 12:30:00,BUY (BULLISH),2,1.2835,1.28278,-0.0561,LOSS ❌ (-0.06%),0,0.07728997,LOW (<50%)
2026-01-19 13:00:00,BUY (BULLISH),2,1.28167,1.28423334,0.2,WIN ✅ (+0.20%),1,0.97463256,HIGH (>70%)
2026-01-19 13:15:00,BUY (BULLISH),2,1.28253,1.28509506,0.2,WIN ✅ (+0.20%),1,0.97094023,HIGH (>70%)
2026-01-19 15:30:00,BUY (BULLISH),2,1.28137,1.2839327399999998,0.2,WIN ✅ (+0.20%),1,0.9775743,HIGH (>70%)
2026-01-19 16:00:00,BUY (BULLISH),3,1.28129,1.28385258,0.2,WIN ✅ (+0.20%),1,0.9363863,HIGH (>70%)
2026-01-19 17:00:00,BUY (BULLISH),2,1.28032,1.28288064,0.2,WIN ✅ (+0.20%),1,0.992489,HIGH (>70%)
2026-01-20 00:45:00,SELL (BEARISH),2,1.28356,1.28099288,0.2,WIN ✅ (+0.20%),1,0.95638275,HIGH (>70%)
2026-01-20 05:45:00,SELL (BEARISH),2,1.2849,1.28471,0.0148,LOSS ❌ (-0.01%),0,0.051541775,LOW (<50%)
2026-01-20 06:15:00,SELL (BEARISH),2,1.28575,1.28471,0.0809,LOSS ❌ (-0.08%),0,0.051737633,LOW (<50%)
2026-01-20 06:30:00,SELL (BEARISH),2,1.28626,1.28368748,0.2,WIN ✅ (+0.20%),1,0.96092904,HIGH (>70%)
2026-01-20 12:15:00,SELL (BEARISH),2,1.28726,1.28468548,0.2,WIN ✅ (+0.20%),1,0.96793747,HIGH (>70%)
2026-01-20 12:30:00,SELL (BEARISH),2,1.28682,1.28424636,0.2,WIN ✅ (+0.20%),1,0.9505534,HIGH (>70%)
2026-01-20 13:30:00,BUY (BULLISH),2,1.28538,1.28471,-0.0521,LOSS ❌ (-0.05%),0,0.059905894,LOW (<50%)
2026-01-20 17:15:00,SELL (BEARISH),2,1.28985,1.2872703,0.2,WIN ✅ (+0.20%),1,0.9584875,HIGH (>70%)
2026-01-20 17:30:00,SELL (BEARISH),2,1.29075,1.2881685,0.2,WIN ✅ (+0.20%),1,0.9503431,HIGH (>70%)
2026-01-21 07:30:00,SELL (BEARISH),2,1.28885,1.29115,-0.1785,LOSS ❌ (0.18%),0,0.035920132,LOW (<50%)
2026-01-21 07:45:00,SELL (BEARISH),2,1.28847,1.29115,-0.208,LOSS ❌ (0.21%),0,0.061172754,LOW (<50%)
2026-01-21 11:15:00,SELL (BEARISH),2,1.29096,1.29115,-0.0147,LOSS ❌ (0.01%),0,0.04716745,LOW (<50%)
2026-01-21 18:15:00,BUY (BULLISH),2,1.29078,1.29336156,0.2,WIN ✅ (+0.20%),1,0.9788751,HIGH (>70%)
2026-01-22 00:30:00,SELL (BEARISH),2,1.29493,1.29234014,0.2,WIN ✅ (+0.20%),1,0.9458137,HIGH (>70%)
2026-01-22 02:00:00,SELL (BEARISH),2,1.29781,1.29521438,0.2,WIN ✅ (+0.20%),1,0.93159646,HIGH (>70%)
2026-01-22 03:15:00,SELL (BEARISH),2,1.29846,1.29586308,0.2,WIN ✅ (+0.20%),1,0.9490604,HIGH (>70%)
2026-01-22 13:15:00,BUY (BULLISH),2,1.29205,1.29215,0.0077,LOSS ❌ (0.01%),0,0.12781288,LOW (<50%)
2026-01-22 15:15:00,BUY (BULLISH),2,1.2908,1.28358,-0.5593,LOSS ❌ (-0.56%),0,0.04397246,LOW (<50%)
2026-01-22 18:30:00,BUY (BULLISH),2,1.29018,1.2927603600000002,0.2,WIN ✅ (+0.20%),1,0.9809441,HIGH (>70%)
2026-01-22 19:00:00,BUY (BULLISH),2,1.28942,1.29199884,0.2,WIN ✅ (+0.20%),1,0.99284184,HIGH (>70%)
2026-01-22 19:15:00,BUY (BULLISH),2,1.28915,1.2917283,0.2,WIN ✅ (+0.20%),1,0.98403615,HIGH (>70%)
2026-01-23 10:00:00,BUY (BULLISH),2,1.28892,1.28358,-0.4143,LOSS ❌ (-0.41%),0,0.0607456,LOW (<50%)
2026-01-23 15:00:00,BUY (BULLISH),2,1.28342,1.27287,-0.822,LOSS ❌ (-0.82%),0,0.09733439,LOW (<50%)
2026-01-23 18:00:00,BUY (BULLISH),3,1.28177,1.27287,-0.6944,LOSS ❌ (-0.69%),0,0.04002056,LOW (<50%)
2026-01-23 20:15:00,BUY (BULLISH),2,1.28026,1.27287,-0.5772,LOSS ❌ (-0.58%),0,0.088190675,LOW (<50%)
2026-01-24 02:30:00,BUY (BULLISH),2,1.27573,1.27828146,0.2,WIN ✅ (+0.20%),1,0.98902136,HIGH (>70%)
2026-01-24 06:45:00,SELL (BEARISH),2,1.27728,1.27472544,0.2,WIN ✅ (+0.20%),1,0.95533144,HIGH (>70%)
2026-01-24 10:15:00,SELL (BEARISH),2,1.27751,1.27495498,0.2,WIN ✅ (+0.20%),1,0.98938215,HIGH (>70%)
2026-01-24 19:30:00,SELL (BEARISH),2,1.27575,1.2731985,0.2,WIN ✅ (+0.20%),1,0.94932836,HIGH (>70%)
2026-01-25 03:00:00,SELL (BEARISH),2,1.27401,1.28095,-0.5447,LOSS ❌ (0.54%),0,0.065519474,LOW (<50%)
2026-01-25 10:30:00,SELL (BEARISH),2,1.27977,1.28095,-0.0922,LOSS ❌ (0.09%),0,0.010547454,LOW (<50%)
2026-01-25 11:00:00,SELL (BEARISH),2,1.2805,1.28095,-0.0351,LOSS ❌ (0.04%),0,0.035559867,LOW (<50%)
2026-01-26 00:45:00,BUY (BULLISH),2,1.28292,1.28548584,0.2,WIN ✅ (+0.20%),1,0.9860394,HIGH (>70%)
2026-01-26 07:30:00,SELL (BEARISH),2,1.28658,1.29089,-0.335,LOSS ❌ (0.33%),0,0.04975815,LOW (<50%)
2026-01-26 07:45:00,SELL (BEARISH),2,1.28685,1.29089,-0.3139,LOSS ❌ (0.31%),0,0.05909875,LOW (<50%)
2026-01-26 13:30:00,SELL (BEARISH),2,1.29151,1.29089,0.048,LOSS ❌ (-0.05%),0,0.082334794,LOW (<50%)
2026-01-26 16:45:00,BUY (BULLISH),2,1.28839,1.29096678,0.2,WIN ✅ (+0.20%),1,0.9838499,HIGH (>70%)
2026-01-26 20:45:00,BUY (BULLISH),2,1.28723,1.28980446,0.2,WIN ✅ (+0.20%),1,0.97584224,HIGH (>70%)
2026-01-26 21:30:00,BUY (BULLISH),2,1.28659,1.28916318,0.2,WIN ✅ (+0.20%),1,0.9721844,HIGH (>70%)
2026-01-26 22:00:00,BUY (BULLISH),2,1.28622,1.28879244,0.2,WIN ✅ (+0.20%),1,0.96047497,HIGH (>70%)
2026-01-27 08:15:00,SELL (BEARISH),2,1.29206,1.29414,-0.161,LOSS ❌ (0.16%),0,0.028786607,LOW (<50%)
2026-01-27 08:45:00,SELL (BEARISH),2,1.29317,1.29414,-0.075,LOSS ❌ (0.08%),0,0.025302624,LOW (<50%)
2026-01-27 09:30:00,SELL (BEARISH),2,1.29306,1.29414,-0.0835,LOSS ❌ (0.08%),0,0.047802113,LOW (<50%)
2026-01-27 16:45:00,SELL (BEARISH),2,1.2951,1.2925098,0.2,WIN ✅ (+0.20%),1,0.9571407,HIGH (>70%)
2026-01-27 18:15:00,BUY (BULLISH),2,1.29074,1.29332148,0.2,WIN ✅ (+0.20%),1,0.9723818,HIGH (>70%)
2026-01-27 18:45:00,BUY (BULLISH),3,1.29117,1.29375234,0.2,WIN ✅ (+0.20%),1,0.98571223,HIGH (>70%)
2026-01-27 19:15:00,BUY (BULLISH),2,1.28981,1.2923896199999998,0.2,WIN ✅ (+0.20%),1,0.97980815,HIGH (>70%)
2026-01-27 20:00:00,BUY (BULLISH),2,1.28869,1.29126738,0.2,WIN ✅ (+0.20%),1,0.97258896,HIGH (>70%)
2026-01-27 22:15:00,BUY (BULLISH),2,1.28864,1.29121728,0.2,WIN ✅ (+0.20%),1,0.98615754,HIGH (>70%)
2026-01-28 04:15:00,SELL (BEARISH),2,1.28864,1.28606272,0.2,WIN ✅ (+0.20%),1,0.95774096,HIGH (>70%)
2026-01-28 05:15:00,BUY (BULLISH),2,1.28646,1.28903292,0.2,WIN ✅ (+0.20%),1,0.98504156,HIGH (>70%)
2026-01-28 15:00:00,SELL (BEARISH),2,1.29611,1.2935177800000002,0.2,WIN ✅ (+0.20%),1,0.96453667,HIGH (>70%)
2026-01-29 03:15:00,SELL (BEARISH),2,1.29992,1.29732016,0.2,WIN ✅ (+0.20%),1,0.99391526,HIGH (>70%)
2026-01-29 06:45:00,SELL (BEARISH),2,1.30177,1.29916646,0.2,WIN ✅ (+0.20%),1,0.95455354,HIGH (>70%)
2026-01-29 18:00:00,SELL (BEARISH),2,1.29603,1.30614,-0.7801,LOSS ❌ (0.78%),0,0.029676858,LOW (<50%)
2026-01-29 18:30:00,SELL (BEARISH),3,1.2971,1.30614,-0.6969,LOSS ❌ (0.70%),0,0.050755527,LOW (<50%)
2026-01-29 19:00:00,SELL (BEARISH),2,1.298,1.30614,-0.6271,LOSS ❌ (0.63%),0,0.018651431,LOW (<50%)
2026-01-29 20:15:00,SELL (BEARISH),2,1.29853,1.30614,-0.586,LOSS ❌ (0.59%),0,0.056695633,LOW (<50%)
2026-01-29 21:30:00,SELL (BEARISH),2,1.30166,1.30614,-0.3442,LOSS ❌ (0.34%),0,0.048468497,LOW (<50%)
2026-01-29 23:45:00,SELL (BEARISH),2,1.30352,1.30614,-0.201,LOSS ❌ (0.20%),0,0.1234534,LOW (<50%)
2026-01-30 07:15:00,SELL (BEARISH),2,1.30565,1.3030387,0.2,WIN ✅ (+0.20%),1,0.9860976,HIGH (>70%)
2026-01-30 08:30:00,BUY (BULLISH),2,1.30379,1.30639758,0.2,WIN ✅ (+0.20%),1,0.94306993,HIGH (>70%)
2026-01-30 16:00:00,SELL (BEARISH),2,1.30819,1.31418,-0.4579,LOSS ❌ (0.46%),0,0.054594822,LOW (<50%)
2026-01-30 16:15:00,SELL (BEARISH),2,1.30928,1.31418,-0.3743,LOSS ❌ (0.37%),0,0.007469999,LOW (<50%)
2026-01-30 16:30:00,SELL (BEARISH),2,1.30885,1.31418,-0.4072,LOSS ❌ (0.41%),0,0.010977895,LOW (<50%)
2026-01-30 17:00:00,SELL (BEARISH),2,1.3094,1.31418,-0.3651,LOSS ❌ (0.37%),0,0.041539416,LOW (<50%)
2026-01-31 07:00:00,BUY (BULLISH),2,1.30967,1.31228934,0.2,WIN ✅ (+0.20%),1,0.9786072,HIGH (>70%)
2026-01-31 16:45:00,SELL (BEARISH),2,1.31507,1.31243986,0.2,WIN ✅ (+0.20%),1,0.987118,HIGH (>70%)
2026-01-31 17:00:00,SELL (BEARISH),2,1.31541,1.31277918,0.2,WIN ✅ (+0.20%),1,0.9880993,HIGH (>70%)
2026-01-31 22:30:00,SELL (BEARISH),2,1.3177,1.3150646,0.2,WIN ✅ (+0.20%),1,0.96462595,HIGH (>70%)
2026-02-01 04:45:00,BUY (BULLISH),2,1.31269,1.31531538,0.2,WIN ✅ (+0.20%),1,0.9772963,HIGH (>70%)
2026-02-01 12:45:00,BUY (BULLISH),2,1.30647,1.30623,-0.0184,LOSS ❌ (-0.02%),0,0.13652587,LOW (<50%)
2026-02-01 17:00:00,BUY (BULLISH),2,1.30271,1.30531542,0.2,WIN ✅ (+0.20%),1,0.9704086,HIGH (>70%)
2026-02-01 17:45:00,BUY (BULLISH),3,1.3002,1.3028004,0.2,WIN ✅ (+0.20%),1,0.93601096,HIGH (>70%)
2026-02-01 21:00:00,SELL (BEARISH),2,1.30505,1.3024399,0.2,WIN ✅ (+0.20%),1,0.9653507,HIGH (>70%)
2026-02-02 02:00:00,SELL (BEARISH),2,1.30622,1.31062,-0.3368,LOSS ❌ (0.34%),0,0.013566494,LOW (<50%)
2026-02-02 03:30:00,SELL (BEARISH),2,1.30777,1.31062,-0.2179,LOSS ❌ (0.22%),0,0.018040162,LOW (<50%)
2026-02-02 05:15:00,SELL (BEARISH),2,1.30895,1.31062,-0.1276,LOSS ❌ (0.13%),0,0.09794243,LOW (<50%)
2026-02-02 11:30:00,SELL (BEARISH),2,1.31107,1.30844786,0.2,WIN ✅ (+0.20%),1,0.9714797,HIGH (>70%)
2026-02-02 16:00:00,SELL (BEARISH),2,1.3136,1.3109728,0.2,WIN ✅ (+0.20%),1,0.9684083,HIGH (>70%)
2026-02-02 17:00:00,SELL (BEARISH),2,1.31251,1.30988498,0.2,WIN ✅ (+0.20%),1,0.99129736,HIGH (>70%)
2026-02-02 17:15:00,SELL (BEARISH),2,1.31331,1.31068338,0.2,WIN ✅ (+0.20%),1,0.9489505,HIGH (>70%)
2026-02-02 18:15:00,SELL (BEARISH),2,1.31456,1.31193088,0.2,WIN ✅ (+0.20%),1,0.9764098,HIGH (>70%)
2026-02-02 18:30:00,SELL (BEARISH),2,1.3149,1.3122702,0.2,WIN ✅ (+0.20%),1,0.9879424,HIGH (>70%)
2026-02-02 19:15:00,SELL (BEARISH),2,1.31543,1.31279914,0.2,WIN ✅ (+0.20%),1,0.9766384,HIGH (>70%)
2026-02-02 20:00:00,SELL (BEARISH),2,1.31589,1.31325822,0.2,WIN ✅ (+0.20%),1,0.9626025,HIGH (>70%)
2026-02-02 20:30:00,SELL (BEARISH),2,1.31582,1.31318836,0.2,WIN ✅ (+0.20%),1,0.97550946,HIGH (>70%)
2026-02-03 06:45:00,SELL (BEARISH),2,1.31445,1.3118211,0.2,WIN ✅ (+0.20%),1,0.97860307,HIGH (>70%)
2026-02-03 07:15:00,BUY (BULLISH),2,1.31384,1.31099,-0.2169,LOSS ❌ (-0.22%),0,0.081450395,LOW (<50%)
2026-02-03 08:00:00,BUY (BULLISH),2,1.3131,1.31099,-0.1607,LOSS ❌ (-0.16%),0,0.038451593,LOW (<50%)
2026-02-03 11:00:00,BUY (BULLISH),2,1.31123,1.31385246,0.2,WIN ✅ (+0.20%),1,0.96844167,HIGH (>70%)
2026-02-03 11:15:00,BUY (BULLISH),2,1.3119,1.31099,-0.0694,LOSS ❌ (-0.07%),0,0.056215316,LOW (<50%)
2026-02-03 11:30:00,BUY (BULLISH),2,1.31074,1.31099,0.0191,LOSS ❌ (0.02%),0,0.07446351,LOW (<50%)
2026-02-03 12:00:00,BUY (BULLISH),2,1.31111,1.31099,-0.0092,LOSS ❌ (-0.01%),0,0.04986576,LOW (<50%)
2026-02-03 20:30:00,SELL (BEARISH),2,1.31793,1.31529414,0.2,WIN ✅ (+0.20%),1,0.97439605,HIGH (>70%)
2026-02-03 21:30:00,SELL (BEARISH),2,1.32002,1.31737996,0.2,WIN ✅ (+0.20%),1,0.98291653,HIGH (>70%)
2026-02-03 22:00:00,SELL (BEARISH),2,1.31908,1.31644184,0.2,WIN ✅ (+0.20%),1,0.9555984,HIGH (>70%)
2026-02-04 00:15:00,SELL (BEARISH),2,1.3222,1.3195556,0.2,WIN ✅ (+0.20%),1,0.96089923,HIGH (>70%)
2026-02-04 15:15:00,SELL (BEARISH),2,1.3213,1.3186574,0.2,WIN ✅ (+0.20%),1,0.96073383,HIGH (>70%)
2026-02-04 21:45:00,BUY (BULLISH),2,1.31927,1.32190854,0.2,WIN ✅ (+0.20%),1,0.97874236,HIGH (>70%)
2026-02-05 13:15:00,BUY (BULLISH),2,1.3199,1.31675,-0.2387,LOSS ❌ (-0.24%),0,0.11194054,LOW (<50%)
2026-02-05 15:15:00,BUY (BULLISH),2,1.31691,1.3154,-0.1147,LOSS ❌ (-0.11%),0,0.08791419,LOW (<50%)
2026-02-05 17:30:00,BUY (BULLISH),2,1.31449,1.3171189799999998,0.2,WIN ✅ (+0.20%),1,0.9683367,HIGH (>70%)
2026-02-05 21:00:00,BUY (BULLISH),2,1.314,1.316628,0.2,WIN ✅ (+0.20%),1,0.9905132,HIGH (>70%)
2026-02-05 21:45:00,BUY (BULLISH),2,1.31313,1.31575626,0.2,WIN ✅ (+0.20%),1,0.9877792,HIGH (>70%)
2026-02-05 22:00:00,BUY (BULLISH),2,1.31254,1.31516508,0.2,WIN ✅ (+0.20%),1,0.9570736,HIGH (>70%)
2026-02-06 04:30:00,BUY (BULLISH),2,1.30985,1.3124697,0.2,WIN ✅ (+0.20%),1,0.97378683,HIGH (>70%)
2026-02-06 12:00:00,SELL (BEARISH),2,1.31083,1.3154,-0.3486,LOSS ❌ (0.35%),0,0.07680242,LOW (<50%)
2026-02-06 13:00:00,SELL (BEARISH),2,1.31257,1.3154,-0.2156,LOSS ❌ (0.22%),0,0.07566464,LOW (<50%)
2026-02-06 14:15:00,SELL (BEARISH),2,1.31533,1.3126993400000002,0.2,WIN ✅ (+0.20%),1,0.9837284,HIGH (>70%)
2026-02-06 19:15:00,BUY (BULLISH),2,1.31175,1.3143735,0.2,WIN ✅ (+0.20%),1,0.9812121,HIGH (>70%)
2026-02-06 20:15:00,BUY (BULLISH),2,1.31084,1.31346168,0.2,WIN ✅ (+0.20%),1,0.98712826,HIGH (>70%)
2026-02-06 22:00:00,BUY (BULLISH),2,1.31147,1.31409294,0.2,WIN ✅ (+0.20%),1,0.98777884,HIGH (>70%)
2026-02-07 00:30:00,SELL (BEARISH),2,1.31447,1.31184106,0.2,WIN ✅ (+0.20%),1,0.9935435,HIGH (>70%)
2026-02-07 06:00:00,BUY (BULLISH),2,1.31328,1.3133,0.0015,LOSS ❌ (0.00%),0,0.055365965,LOW (<50%)
2026-02-07 07:15:00,BUY (BULLISH),2,1.31215,1.3147742999999998,0.2,WIN ✅ (+0.20%),1,0.9857062,HIGH (>70%)
2026-02-07 07:45:00,BUY (BULLISH),2,1.31132,1.31394264,0.2,WIN ✅ (+0.20%),1,0.990379,HIGH (>70%)
2026-02-07 09:00:00,BUY (BULLISH),2,1.31198,1.31460396,0.2,WIN ✅ (+0.20%),1,0.99411386,HIGH (>70%)
2026-02-07 16:45:00,SELL (BEARISH),3,1.31543,1.31279914,0.2,WIN ✅ (+0.20%),1,0.9708854,HIGH (>70%)
2026-02-07 19:15:00,SELL (BEARISH),2,1.31677,1.31413646,0.2,WIN ✅ (+0.20%),1,0.9851959,HIGH (>70%)
2026-02-07 23:30:00,BUY (BULLISH),2,1.31462,1.31233,-0.1742,LOSS ❌ (-0.17%),0,0.07127769,LOW (<50%)
2026-02-08 03:15:00,BUY (BULLISH),2,1.31394,1.31656788,0.2,WIN ✅ (+0.20%),1,0.96812594,HIGH (>70%)
2026-02-08 03:45:00,BUY (BULLISH),2,1.31294,1.31556588,0.2,WIN ✅ (+0.20%),1,0.97982764,HIGH (>70%)
2026-02-08 04:15:00,BUY (BULLISH),2,1.31208,1.31470416,0.2,WIN ✅ (+0.20%),1,0.9911611,HIGH (>70%)
2026-02-08 08:30:00,SELL (BEARISH),2,1.31418,1.3115516399999998,0.2,WIN ✅ (+0.20%),1,0.99318343,HIGH (>70%)
2026-02-08 15:15:00,BUY (BULLISH),2,1.3117,1.3143234,0.2,WIN ✅ (+0.20%),1,0.97794807,HIGH (>70%)
2026-02-08 16:00:00,SELL (BEARISH),2,1.31186,1.30923628,0.2,WIN ✅ (+0.20%),1,0.96585757,HIGH (>70%)
2026-02-08 16:30:00,BUY (BULLISH),2,1.31098,1.30293,-0.614,LOSS ❌ (-0.61%),0,0.065551996,LOW (<50%)
2026-02-08 20:30:00,BUY (BULLISH),2,1.30953,1.31214906,0.2,WIN ✅ (+0.20%),1,0.98089856,HIGH (>70%)
2026-02-09 01:45:00,BUY (BULLISH),2,1.30492,1.3075298400000002,0.2,WIN ✅ (+0.20%),1,0.97444195,HIGH (>70%)
2026-02-09 13:15:00,BUY (BULLISH),2,1.30303,1.30293,-0.0077,LOSS ❌ (-0.01%),0,0.02984646,LOW (<50%)
2026-02-09 13:45:00,BUY (BULLISH),2,1.30265,1.30293,0.0215,LOSS ❌ (0.02%),0,0.077845596,LOW (<50%)
2026-02-10 00:00:00,SELL (BEARISH),2,1.30341,1.30080318,0.2,WIN ✅ (+0.20%),1,0.9487937,HIGH (>70%)
2026-02-10 07:45:00,SELL (BEARISH),2,1.30581,1.30319838,0.2,WIN ✅ (+0.20%),1,0.9278404,HIGH (>70%)
2026-02-10 11:30:00,BUY (BULLISH),2,1.30306,1.3056661200000002,0.2,WIN ✅ (+0.20%),1,0.94505066,HIGH (>70%)
2026-02-10 11:45:00,BUY (BULLISH),2,1.3025,1.305105,0.2,WIN ✅ (+0.20%),1,0.97357494,HIGH (>70%)
2026-02-10 13:45:00,SELL (BEARISH),2,1.30656,1.30784,-0.098,LOSS ❌ (0.10%),0,0.039234992,LOW (<50%)
2026-02-10 20:15:00,SELL (BEARISH),2,1.30809,1.3093,-0.0925,LOSS ❌ (0.09%),0,0.013794338,LOW (<50%)
2026-02-11 14:45:00,BUY (BULLISH),2,1.3071,1.3097142,0.2,WIN ✅ (+0.20%),1,0.980888,HIGH (>70%)
2026-02-11 18:15:00,SELL (BEARISH),2,1.31051,1.30788898,0.2,WIN ✅ (+0.20%),1,0.9487577,HIGH (>70%)
2026-02-11 18:45:00,SELL (BEARISH),2,1.31132,1.30869736,0.2,WIN ✅ (+0.20%),1,0.966132,HIGH (>70%)
2026-02-11 19:00:00,SELL (BEARISH),2,1.31061,1.30798878,0.2,WIN ✅ (+0.20%),1,0.97075653,HIGH (>70%)
2026-02-11 22:15:00,BUY (BULLISH),2,1.30883,1.29786,-0.8382,LOSS ❌ (-0.84%),0,0.022806324,LOW (<50%)
2026-02-12 02:15:00,BUY (BULLISH),2,1.30502,1.30763004,0.2,WIN ✅ (+0.20%),1,0.9347757,HIGH (>70%)
2026-02-12 03:00:00,BUY (BULLISH),2,1.30125,1.3038525,0.2,WIN ✅ (+0.20%),1,0.963873,HIGH (>70%)
2026-02-12 03:15:00,BUY (BULLISH),3,1.30119,1.30379238,0.2,WIN ✅ (+0.20%),1,0.95370054,HIGH (>70%)
2026-02-12 03:45:00,BUY (BULLISH),2,1.30212,1.30472424,0.2,WIN ✅ (+0.20%),1,0.97559434,HIGH (>70%)
2026-02-12 11:30:00,BUY (BULLISH),2,1.30253,1.29786,-0.3585,LOSS ❌ (-0.36%),0,0.050630227,LOW (<50%)
2026-02-12 12:00:00,BUY (BULLISH),2,1.29992,1.29786,-0.1585,LOSS ❌ (-0.16%),0,0.09987591,LOW (<50%)
2026-02-12 12:15:00,BUY (BULLISH),3,1.29986,1.29786,-0.1539,LOSS ❌ (-0.15%),0,0.022507567,LOW (<50%)
2026-02-12 13:00:00,BUY (BULLISH),2,1.29746,1.29786,0.0308,LOSS ❌ (0.03%),0,0.06591613,LOW (<50%)
2026-02-12 14:00:00,BUY (BULLISH),2,1.29786,1.30045572,0.2,WIN ✅ (+0.20%),1,0.9846591,HIGH (>70%)
2026-02-12 21:15:00,BUY (BULLISH),2,1.29132,1.29390264,0.2,WIN ✅ (+0.20%),1,0.97305614,HIGH (>70%)
2026-02-12 21:45:00,BUY (BULLISH),2,1.29023,1.29281046,0.2,WIN ✅ (+0.20%),1,0.9748011,HIGH (>70%)
2026-02-12 22:45:00,BUY (BULLISH),2,1.28982,1.29239964,0.2,WIN ✅ (+0.20%),1,0.99301046,HIGH (>70%)
2026-02-12 23:00:00,BUY (BULLISH),2,1.28989,1.29246978,0.2,WIN ✅ (+0.20%),1,0.97674984,HIGH (>70%)
2026-02-12 23:45:00,BUY (BULLISH),2,1.28896,1.29153792,0.2,WIN ✅ (+0.20%),1,0.98229885,HIGH (>70%)
2026-02-13 06:00:00,SELL (BEARISH),2,1.29433,1.29723,-0.2241,LOSS ❌ (0.22%),0,0.069941916,LOW (<50%)
2026-02-13 12:00:00,SELL (BEARISH),2,1.2999,1.2973002,0.2,WIN ✅ (+0.20%),1,0.96205205,HIGH (>70%)
2026-02-13 14:45:00,BUY (BULLISH),2,1.29714,1.29973428,0.2,WIN ✅ (+0.20%),1,0.98437816,HIGH (>70%)
2026-02-13 15:45:00,BUY (BULLISH),2,1.29605,1.2986421,0.2,WIN ✅ (+0.20%),1,0.9798527,HIGH (>70%)
2026-02-13 17:15:00,BUY (BULLISH),2,1.29513,1.29772026,0.2,WIN ✅ (+0.20%),1,0.94215584,HIGH (>70%)
2026-02-13 23:15:00,SELL (BEARISH),2,1.29857,1.29597286,0.2,WIN ✅ (+0.20%),1,0.96760356,HIGH (>70%)
2026-02-14 08:45:00,SELL (BEARISH),2,1.298,1.30415,-0.4738,LOSS ❌ (0.47%),0,0.028463652,LOW (<50%)
2026-02-14 11:00:00,SELL (BEARISH),2,1.30314,1.30415,-0.0775,LOSS ❌ (0.08%),0,0.09752136,LOW (<50%)
2026-02-14 16:15:00,BUY (BULLISH),2,1.30193,1.30039,-0.1183,LOSS ❌ (-0.12%),0,0.13846198,LOW (<50%)
2026-02-14 17:30:00,BUY (BULLISH),2,1.30007,1.30039,0.0246,LOSS ❌ (0.02%),0,0.09228943,LOW (<50%)
2026-02-14 18:00:00,BUY (BULLISH),2,1.29903,1.30162806,0.2,WIN ✅ (+0.20%),1,0.9521989,HIGH (>70%)
2026-02-14 19:45:00,BUY (BULLISH),2,1.29851,1.30110702,0.2,WIN ✅ (+0.20%),1,0.98984385,HIGH (>70%)
2026-02-14 20:30:00,BUY (BULLISH),2,1.29793,1.30052586,0.2,WIN ✅ (+0.20%),1,0.9718935,HIGH (>70%)
2026-02-15 10:45:00,SELL (BEARISH),2,1.29667,1.30039,-0.2869,LOSS ❌ (0.29%),0,0.014777478,LOW (<50%)
2026-02-15 12:00:00,SELL (BEARISH),3,1.29701,1.30039,-0.2606,LOSS ❌ (0.26%),0,0.04231059,LOW (<50%)
2026-02-15 16:15:00,SELL (BEARISH),2,1.3024,1.2997952,0.2,WIN ✅ (+0.20%),1,0.9601527,HIGH (>70%)
2026-02-15 17:15:00,SELL (BEARISH),2,1.30119,1.2985876200000002,0.2,WIN ✅ (+0.20%),1,0.9706007,HIGH (>70%)
2026-02-15 19:45:00,BUY (BULLISH),2,1.29874,1.30133748,0.2,WIN ✅ (+0.20%),1,0.9624558,HIGH (>70%)
2026-02-15 20:15:00,BUY (BULLISH),2,1.29734,1.29993468,0.2,WIN ✅ (+0.20%),1,0.96610415,HIGH (>70%)
2026-02-15 20:30:00,BUY (BULLISH),2,1.298,1.300596,0.2,WIN ✅ (+0.20%),1,0.9908137,HIGH (>70%)
2026-02-16 04:00:00,BUY (BULLISH),2,1.29555,1.2981411,0.2,WIN ✅ (+0.20%),1,0.9824472,HIGH (>70%)
2026-02-16 05:00:00,SELL (BEARISH),2,1.29918,1.29658164,0.2,WIN ✅ (+0.20%),1,0.27453506,LOW (<50%)
2026-02-16 05:15:00,SELL (BEARISH),3,1.29871,1.29611258,0.2,WIN ✅ (+0.20%),1,0.32829213,LOW (<50%)
2026-02-16 06:30:00,SELL (BEARISH),2,1.29992,1.29732016,0.2,WIN ✅ (+0.20%),1,0.27247974,LOW (<50%)
2026-02-16 09:15:00,SELL (BEARISH),2,1.29958,1.29698084,0.2,WIN ✅ (+0.20%),1,0.9890337,HIGH (>70%)
2026-02-16 10:30:00,BUY (BULLISH),2,1.29755,1.3001451,0.2,WIN ✅ (+0.20%),1,0.92967975,HIGH (>70%)
2026-02-16 16:30:00,BUY (BULLISH),2,1.29494,1.29752988,0.2,WIN ✅ (+0.20%),1,0.8969427,HIGH (>70%)
2026-02-16 18:45:00,SELL (BEARISH),2,1.29945,1.2968511,0.2,WIN ✅ (+0.20%),1,0.5662575,MEDIUM (50-70%)
2026-02-16 22:45:00,BUY (BULLISH),2,1.29566,1.29825132,0.2,WIN ✅ (+0.20%),1,0.9688223,HIGH (>70%)
2026-02-17 01:00:00,SELL (BEARISH),2,1.29844,1.29584312,0.2,WIN ✅ (+0.20%),1,0.36505285,LOW (<50%)
2026-02-17 05:15:00,BUY (BULLISH),2,1.2976,1.3001952,0.2,WIN ✅ (+0.20%),1,0.69494295,MEDIUM (50-70%)
2026-02-17 10:45:00,BUY (BULLISH),2,1.29709,1.29968418,0.2,WIN ✅ (+0.20%),1,0.84289354,HIGH (>70%)
2026-02-17 11:15:00,BUY (BULLISH),2,1.29645,1.2990429,0.2,WIN ✅ (+0.20%),1,0.95638686,HIGH (>70%)
2026-02-17 17:30:00,BUY (BULLISH),3,1.29414,1.2967282800000002,0.2,WIN ✅ (+0.20%),1,0.9523105,HIGH (>70%)
2026-02-17 19:30:00,BUY (BULLISH),2,1.29116,1.29374232,0.2,WIN ✅ (+0.20%),1,0.7853564,HIGH (>70%)
2026-02-17 19:45:00,BUY (BULLISH),2,1.29128,1.29386256,0.2,WIN ✅ (+0.20%),1,0.94504863,HIGH (>70%)
2026-02-17 22:45:00,SELL (BEARISH),2,1.29359,1.29100282,0.2,WIN ✅ (+0.20%),1,0.8794507,HIGH (>70%)
2026-02-18 09:30:00,SELL (BEARISH),2,1.29549,1.29831,-0.2177,LOSS ❌ (0.22%),0,0.93146694,HIGH (>70%)
2026-02-18 10:00:00,SELL (BEARISH),2,1.29635,1.29831,-0.1512,LOSS ❌ (0.15%),0,0.622512,MEDIUM (50-70%)
2026-02-18 11:15:00,SELL (BEARISH),2,1.29886,1.29626228,0.2,WIN ✅ (+0.20%),1,0.40542367,LOW (<50%)
2026-02-18 14:45:00,SELL (BEARISH),2,1.30028,1.29767944,0.2,WIN ✅ (+0.20%),1,0.20286973,LOW (<50%)
2026-02-18 15:00:00,SELL (BEARISH),2,1.30081,1.29820838,0.2,WIN ✅ (+0.20%),1,0.028078023,LOW (<50%)
2026-02-18 15:30:00,SELL (BEARISH),2,1.30179,1.29918642,0.2,WIN ✅ (+0.20%),1,0.014215195,LOW (<50%)
2026-02-19 07:45:00,BUY (BULLISH),3,1.29994,1.29649,-0.2654,LOSS ❌ (-0.27%),0,0.52472013,MEDIUM (50-70%)
2026-02-19 11:00:00,BUY (BULLISH),2,1.29674,1.29649,-0.0193,LOSS ❌ (-0.02%),0,0.8872458,HIGH (>70%)
2026-02-19 12:00:00,BUY (BULLISH),2,1.296,1.29649,0.0378,LOSS ❌ (0.04%),0,0.9911287,HIGH (>70%)
2026-02-19 14:00:00,BUY (BULLISH),2,1.29649,1.29908298,0.2,WIN ✅ (+0.20%),1,0.96425503,HIGH (>70%)
2026-02-19 19:00:00,BUY (BULLISH),2,1.29526,1.29785052,0.2,WIN ✅ (+0.20%),1,0.9348204,HIGH (>70%)
2026-02-19 22:45:00,SELL (BEARISH),3,1.299,1.30509,-0.4688,LOSS ❌ (0.47%),0,0.88011605,HIGH (>70%)
2026-02-20 08:45:00,SELL (BEARISH),2,1.30289,1.30509,-0.1689,LOSS ❌ (0.17%),0,0.90541106,HIGH (>70%)
2026-02-20 16:45:00,SELL (BEARISH),2,1.30745,1.3048351,0.2,WIN ✅ (+0.20%),1,0.051584672,LOW (<50%)
2026-02-20 17:45:00,SELL (BEARISH),2,1.308,1.305384,0.2,WIN ✅ (+0.20%),1,0.2606853,LOW (<50%)
2026-02-20 19:15:00,BUY (BULLISH),2,1.30469,1.30729938,0.2,WIN ✅ (+0.20%),1,0.78047997,HIGH (>70%)
2026-02-20 20:30:00,BUY (BULLISH),3,1.30443,1.30703886,0.2,WIN ✅ (+0.20%),1,0.9209177,HIGH (>70%)
2026-02-21 01:30:00,BUY (BULLISH),2,1.30253,1.30513506,0.2,WIN ✅ (+0.20%),1,0.463642,LOW (<50%)
2026-02-21 06:00:00,SELL (BEARISH),2,1.3062,1.30718,-0.075,LOSS ❌ (0.08%),0,0.31728393,LOW (<50%)
2026-02-21 06:45:00,SELL (BEARISH),2,1.30708,1.30446584,0.2,WIN ✅ (+0.20%),1,0.5426872,MEDIUM (50-70%)
2026-02-21 07:30:00,SELL (BEARISH),2,1.30806,1.30544388,0.2,WIN ✅ (+0.20%),1,0.13682154,LOW (<50%)
2026-02-21 08:15:00,SELL (BEARISH),3,1.30829,1.30567342,0.2,WIN ✅ (+0.20%),1,0.45296326,LOW (<50%)
2026-02-21 15:15:00,SELL (BEARISH),2,1.3091,1.3064818,0.2,WIN ✅ (+0.20%),1,0.26490623,LOW (<50%)
2026-02-21 19:15:00,SELL (BEARISH),2,1.31313,1.31050374,0.2,WIN ✅ (+0.20%),1,0.7421346,HIGH (>70%)
2026-02-21 23:30:00,BUY (BULLISH),2,1.3112,1.3138223999999998,0.2,WIN ✅ (+0.20%),1,0.76629555,HIGH (>70%)
2026-02-22 04:15:00,BUY (BULLISH),2,1.30877,1.30919,0.0321,LOSS ❌ (0.03%),0,0.953571,HIGH (>70%)
2026-02-22 04:30:00,BUY (BULLISH),2,1.30915,1.30919,0.0031,LOSS ❌ (0.00%),0,0.97687346,HIGH (>70%)
2026-02-22 05:00:00,BUY (BULLISH),2,1.30793,1.31054586,0.2,WIN ✅ (+0.20%),1,0.95269877,HIGH (>70%)
2026-02-22 14:30:00,BUY (BULLISH),2,1.30797,1.30513,-0.2171,LOSS ❌ (-0.22%),0,0.9768833,HIGH (>70%)
2026-02-23 00:15:00,BUY (BULLISH),3,1.30108,1.30368216,0.2,WIN ✅ (+0.20%),1,0.7876929,HIGH (>70%)
2026-02-23 01:30:00,SELL (BEARISH),3,1.3046,1.3019908,0.2,WIN ✅ (+0.20%),1,0.61085755,MEDIUM (50-70%)
2026-02-23 08:45:00,BUY (BULLISH),2,1.3017,1.3043034,0.2,WIN ✅ (+0.20%),1,0.93304247,HIGH (>70%)
2026-02-23 11:30:00,SELL (BEARISH),2,1.30397,1.30513,-0.089,LOSS ❌ (0.09%),0,0.3109438,LOW (<50%)
2026-02-23 12:00:00,SELL (BEARISH),2,1.304,1.30513,-0.0867,LOSS ❌ (0.09%),0,0.7606622,HIGH (>70%)
2026-02-23 15:00:00,SELL (BEARISH),2,1.30658,1.31967,-1.0019,LOSS ❌ (1.00%),0,0.3105794,LOW (<50%)
2026-02-23 20:45:00,SELL (BEARISH),2,1.30923,1.31967,-0.7974,LOSS ❌ (0.80%),0,0.51742697,MEDIUM (50-70%)
2026-02-24 01:45:00,SELL (BEARISH),2,1.31571,1.31967,-0.301,LOSS ❌ (0.30%),0,0.9878342,HIGH (>70%)
2026-02-24 02:00:00,SELL (BEARISH),2,1.31548,1.31967,-0.3185,LOSS ❌ (0.32%),0,0.97022086,HIGH (>70%)
2026-02-24 04:15:00,SELL (BEARISH),3,1.31848,1.31967,-0.0903,LOSS ❌ (0.09%),0,0.9867675,HIGH (>70%)
2026-02-24 04:45:00,SELL (BEARISH),2,1.31913,1.31967,-0.0409,LOSS ❌ (0.04%),0,0.91999465,HIGH (>70%)
2026-02-24 05:15:00,SELL (BEARISH),3,1.31977,1.31967,0.0076,LOSS ❌ (-0.01%),0,0.97743714,HIGH (>70%)
2026-02-24 06:15:00,SELL (BEARISH),2,1.3203,1.3176594,0.2,WIN ✅ (+0.20%),1,0.9798576,HIGH (>70%)
2026-02-24 06:30:00,SELL (BEARISH),2,1.32022,1.31757956,0.2,WIN ✅ (+0.20%),1,0.98333526,HIGH (>70%)
2026-02-24 20:00:00,SELL (BEARISH),2,1.32121,1.31856758,0.2,WIN ✅ (+0.20%),1,0.9699397,HIGH (>70%)
2026-02-25 03:00:00,SELL (BEARISH),2,1.32497,1.32232006,0.2,WIN ✅ (+0.20%),1,0.9265677,HIGH (>70%)
2026-02-25 04:15:00,SELL (BEARISH),2,1.32416,1.32151168,0.2,WIN ✅ (+0.20%),1,0.9662179,HIGH (>70%)
2026-02-25 05:30:00,BUY (BULLISH),2,1.32026,1.32131,0.0795,LOSS ❌ (0.08%),0,0.9544702,HIGH (>70%)
2026-02-25 06:30:00,BUY (BULLISH),2,1.31944,1.32131,0.1417,LOSS ❌ (0.14%),0,0.9665863,HIGH (>70%)
2026-02-25 17:45:00,BUY (BULLISH),2,1.31716,1.3197943200000002,0.2,WIN ✅ (+0.20%),1,0.8611716,HIGH (>70%)
2026-02-25 19:45:00,SELL (BEARISH),2,1.31979,1.31715042,0.2,WIN ✅ (+0.20%),1,0.94724697,HIGH (>70%)
2026-02-25 20:30:00,SELL (BEARISH),2,1.3212,1.3185576,0.2,WIN ✅ (+0.20%),1,0.960005,HIGH (>70%)
2026-02-25 21:30:00,SELL (BEARISH),2,1.32267,1.32002466,0.2,WIN ✅ (+0.20%),1,0.8971663,HIGH (>70%)
2026-02-25 22:30:00,SELL (BEARISH),2,1.32196,1.31931608,0.2,WIN ✅ (+0.20%),1,0.97787774,HIGH (>70%)
2026-02-26 10:00:00,SELL (BEARISH),3,1.31983,1.31935,0.0364,LOSS ❌ (-0.04%),0,0.9842077,HIGH (>70%)
2026-02-26 10:30:00,SELL (BEARISH),2,1.32133,1.31868734,0.2,WIN ✅ (+0.20%),1,0.9533973,HIGH (>70%)
2026-02-26 11:00:00,SELL (BEARISH),3,1.32201,1.31936598,0.2,WIN ✅ (+0.20%),1,0.8270334,HIGH (>70%)
2026-02-26 11:15:00,SELL (BEARISH),2,1.3217,1.3190566,0.2,WIN ✅ (+0.20%),1,0.8924714,HIGH (>70%)
2026-02-26 14:45:00,BUY (BULLISH),2,1.31823,1.32086646,0.2,WIN ✅ (+0.20%),1,0.9807231,HIGH (>70%)
2026-02-27 06:15:00,BUY (BULLISH),2,1.3261,1.3287522,0.2,WIN ✅ (+0.20%),1,0.9774383,HIGH (>70%)
2026-02-27 09:00:00,SELL (BEARISH),2,1.32842,1.32576316,0.2,WIN ✅ (+0.20%),1,0.9717643,HIGH (>70%)
2026-02-27 22:30:00,BUY (BULLISH),2,1.32207,1.32471414,0.2,WIN ✅ (+0.20%),1,0.9886696,HIGH (>70%)
2026-02-27 23:00:00,BUY (BULLISH),2,1.32254,1.32518508,0.2,WIN ✅ (+0.20%),1,0.96906114,HIGH (>70%)
2026-02-28 00:30:00,BUY (BULLISH),2,1.32055,1.3231910999999998,0.2,WIN ✅ (+0.20%),1,0.8277081,HIGH (>70%)
2026-02-28 00:45:00,BUY (BULLISH),2,1.32069,1.32333138,0.2,WIN ✅ (+0.20%),1,0.81048125,HIGH (>70%)
2026-02-28 11:45:00,SELL (BEARISH),2,1.32449,1.32504,-0.0415,LOSS ❌ (0.04%),0,0.8959728,HIGH (>70%)
2026-02-28 12:30:00,SELL (BEARISH),2,1.32476,1.32504,-0.0211,LOSS ❌ (0.02%),0,0.97757494,HIGH (>70%)
2026-02-28 13:00:00,SELL (BEARISH),2,1.32558,1.32504,0.0407,LOSS ❌ (-0.04%),0,0.96682113,HIGH (>70%)
2026-02-28 17:30:00,BUY (BULLISH),2,1.32367,1.32631734,0.2,WIN ✅ (+0.20%),1,0.8999422,HIGH (>70%)
2026-02-28 19:00:00,BUY (BULLISH),2,1.32274,1.32538548,0.2,WIN ✅ (+0.20%),1,0.96986526,HIGH (>70%)
2026-03-01 01:15:00,SELL (BEARISH),2,1.3272,1.33379,-0.4965,LOSS ❌ (0.50%),0,0.60263944,MEDIUM (50-70%)
2026-03-01 02:00:00,SELL (BEARISH),2,1.32939,1.33379,-0.331,LOSS ❌ (0.33%),0,0.7234712,HIGH (>70%)
2026-03-01 08:45:00,SELL (BEARISH),2,1.33382,1.33379,0.0022,LOSS ❌ (-0.00%),0,0.96069235,HIGH (>70%)
2026-03-01 19:30:00,BUY (BULLISH),2,1.33205,1.33,-0.1539,LOSS ❌ (-0.15%),0,0.98661,HIGH (>70%)
