trades,ganhos,perdas,wr,avg_ganho,avg_perda,pf,sharpe,drawdown,expectancy,far_below,far_above,close_above_sma200,sma_trend_up,mid_range,bullish_only,min_trades
43,20,23,46.51162790697674,0.5628173765293917,-0.3577885909432853,1.3678481639595683,9.592750201806114,-4.999235161393458,0.07040023113702956,False,False,True,True,False,False,5
43,20,23,46.51162790697674,0.5628173765293917,-0.3577885909432853,1.3678481639595683,9.592750201806114,-4.999235161393458,0.07040023113702956,False,False,True,True,False,False,10
43,20,23,46.51162790697674,0.5628173765293917,-0.3577885909432853,1.3678481639595683,9.592750201806114,-4.999235161393458,0.07040023113702956,False,False,True,True,False,False,20
82,38,44,46.34146341463415,0.5822936674337987,-0.35240214071993264,1.4270252196666864,10.788538185309967,-8.74042163006795,0.08074957525374774,False,False,True,False,False,False,5
82,38,44,46.34146341463415,0.5822936674337987,-0.35240214071993264,1.4270252196666864,10.788538185309967,-8.74042163006795,0.08074957525374774,False,False,True,False,False,False,10
82,38,44,46.34146341463415,0.5822936674337987,-0.35240214071993264,1.4270252196666864,10.788538185309967,-8.74042163006795,0.08074957525374774,False,False,True,False,False,False,20
49,22,27,44.89795918367347,0.5292722408526984,-0.3317376557060545,1.299985216447895,7.875028793666721,-5.036140044479324,0.05483821621828355,False,False,False,True,False,False,5
49,22,27,44.89795918367347,0.5292722408526984,-0.3317376557060545,1.299985216447895,7.875028793666721,-5.036140044479324,0.05483821621828355,False,False,False,True,False,False,10
49,22,27,44.89795918367347,0.5292722408526984,-0.3317376557060545,1.299985216447895,7.875028793666721,-5.036140044479324,0.05483821621828355,False,False,False,True,False,False,20
7,3,4,42.857142857142854,0.3821476691881056,-0.37957705038561884,0.7550295147245005,-10.159120169718767,-0.880519145118357,-0.05312359913973691,True,False,True,True,False,True,5
196,81,115,41.3265306122449,0.39580936369239383,-0.2849413794464265,0.9783998892007296,-0.6260136660479073,-13.595275125123315,-0.003610715190077274,False,False,False,False,False,False,5
196,81,115,41.3265306122449,0.39580936369239383,-0.2849413794464265,0.9783998892007296,-0.6260136660479073,-13.595275125123315,-0.003610715190077274,False,False,False,False,False,False,10
196,81,115,41.3265306122449,0.39580936369239383,-0.2849413794464265,0.9783998892007296,-0.6260136660479073,-13.595275125123315,-0.003610715190077274,False,False,False,False,False,False,20
22,9,13,40.909090909090914,0.6296922860820005,-0.3261075170366003,1.336769340865501,9.333131389298401,-2.062429105325293,0.06490149333010004,False,False,True,True,False,True,5
22,9,13,40.909090909090914,0.6296922860820005,-0.3261075170366003,1.336769340865501,9.333131389298401,-2.062429105325293,0.06490149333010004,False,False,True,True,False,True,10
22,9,13,40.909090909090914,0.6296922860820005,-0.3261075170366003,1.336769340865501,9.333131389298401,-2.062429105325293,0.06490149333010004,False,False,True,True,False,True,20
8,3,5,37.5,0.3821476691881056,-0.35506861216905516,0.6457222046977409,-15.824422654888672,-1.1352907632753606,-0.07861250666011987,True,False,True,True,False,False,5
38,14,24,36.84210526315789,0.4698803355084512,-0.3302189073772538,0.8300354636740931,-5.955710847726125,-3.426273755310352,-0.035445502103573,False,False,True,False,False,True,5
38,14,24,36.84210526315789,0.4698803355084512,-0.3302189073772538,0.8300354636740931,-5.955710847726125,-3.426273755310352,-0.035445502103573,False,False,True,False,False,True,10
38,14,24,36.84210526315789,0.4698803355084512,-0.3302189073772538,0.8300354636740931,-5.955710847726125,-3.426273755310352,-0.035445502103573,False,False,True,False,False,True,20
25,9,16,36.0,0.6296922860820005,-0.29264032132056084,1.2103402043044529,5.9662060949698255,-2.2000385819094954,0.039399417344361226,False,False,False,True,False,True,5
25,9,16,36.0,0.6296922860820005,-0.29264032132056084,1.2103402043044529,5.9662060949698255,-2.2000385819094954,0.039399417344361226,False,False,False,True,False,True,10
25,9,16,36.0,0.6296922860820005,-0.29264032132056084,1.2103402043044529,5.9662060949698255,-2.2000385819094954,0.039399417344361226,False,False,False,True,False,True,20
9,3,6,33.33333333333333,0.3821476691881056,-0.3252850124617967,0.5873742647316516,-18.969648024584885,-1.0197892919591804,-0.08947411857849596,True,False,False,True,False,True,5
6,2,4,33.33333333333333,0.2779560216007828,-0.37957705038561884,0.3661150161312631,-37.21449076837641,-0.8805191451183594,-0.160399359723485,True,True,True,True,False,True,5
6,2,4,33.33333333333333,0.2779560216007828,-0.37957705038561884,0.3661150161312631,-37.21449076837641,-0.8805191451183594,-0.160399359723485,False,True,True,True,False,True,5
10,3,7,30.0,0.3821476691881056,-0.31553499058194007,0.5190237620936259,-23.496137202724963,-1.2742029372902062,-0.10623019265092637,True,False,False,True,False,False,5
10,3,7,30.0,0.3821476691881056,-0.31553499058194007,0.5190237620936259,-23.496137202724963,-1.2742029372902062,-0.10623019265092637,True,False,False,True,False,False,10
20,6,14,30.0,0.3135659142647888,-0.3339865860155274,0.40235902716304867,-33.11833994171244,-2.4327528566478485,-0.13972083593143253,True,False,True,False,False,True,5
20,6,14,30.0,0.3135659142647888,-0.3339865860155274,0.40235902716304867,-33.11833994171244,-2.4327528566478485,-0.13972083593143253,True,False,True,False,False,True,10
20,6,14,30.0,0.3135659142647888,-0.3339865860155274,0.40235902716304867,-33.11833994171244,-2.4327528566478485,-0.13972083593143253,True,False,True,False,False,True,20
17,5,12,29.411764705882355,0.2581729042451963,-0.3546336983613128,0.3033257026006442,-44.652169232496284,-2.5015609680012907,-0.17439646230057482,True,True,True,False,False,True,5
17,5,12,29.411764705882355,0.2581729042451963,-0.3546336983613128,0.3033257026006442,-44.652169232496284,-2.5015609680012907,-0.17439646230057482,True,True,True,False,False,True,10
17,5,12,29.411764705882355,0.2581729042451963,-0.3546336983613128,0.3033257026006442,-44.652169232496284,-2.5015609680012907,-0.17439646230057482,False,True,True,False,False,True,5
17,5,12,29.411764705882355,0.2581729042451963,-0.3546336983613128,0.3033257026006442,-44.652169232496284,-2.5015609680012907,-0.17439646230057482,False,True,True,False,False,True,10
7,2,5,28.57142857142857,0.2779560216007828,-0.35506861216905516,0.3131117271296213,-43.39781174995599,-1.1352907632753622,-0.1742044310919586,True,True,True,True,False,False,5
7,2,5,28.57142857142857,0.2779560216007828,-0.35506861216905516,0.3131117271296213,-43.39781174995599,-1.1352907632753622,-0.1742044310919586,False,True,True,True,False,False,5
7,2,5,28.57142857142857,0.2779560216007828,-0.36224054677864703,0.30691282732549174,-44.445095809266434,-0.9618868441861537,-0.1793272415273814,True,True,False,True,False,True,5
7,2,5,28.57142857142857,0.2779560216007828,-0.36224054677864703,0.30691282732549174,-44.445095809266434,-0.9618868441861537,-0.1793272415273814,False,True,False,True,False,True,5
108,29,79,26.851851851851855,0.29401270678579294,-0.27250529346013014,0.39605914600082737,-28.15903336635436,-12.503247823314393,-0.12038471932002112,False,False,False,False,False,True,5
108,29,79,26.851851851851855,0.29401270678579294,-0.27250529346013014,0.39605914600082737,-28.15903336635436,-12.503247823314393,-0.12038471932002112,False,False,False,False,False,True,10
108,29,79,26.851851851851855,0.29401270678579294,-0.27250529346013014,0.39605914600082737,-28.15903336635436,-12.503247823314393,-0.12038471932002112,False,False,False,False,False,True,20
23,6,17,26.08695652173913,0.3135659142647888,-0.3215396608865739,0.3441824183495316,-39.24438363340507,-3.2018629967777885,-0.15585994562969663,True,False,True,False,False,False,5
23,6,17,26.08695652173913,0.3135659142647888,-0.3215396608865739,0.3441824183495316,-39.24438363340507,-3.2018629967777885,-0.15585994562969663,True,False,True,False,False,False,10
23,6,17,26.08695652173913,0.3135659142647888,-0.3215396608865739,0.3441824183495316,-39.24438363340507,-3.2018629967777885,-0.15585994562969663,True,False,True,False,False,False,20
8,2,6,25.0,0.2779560216007828,-0.34470626553267264,0.26877239239391254,-49.89539463123522,-1.2164493189923458,-0.18904069374930876,True,True,False,True,False,False,5
8,2,6,25.0,0.2779560216007828,-0.34470626553267264,0.26877239239391254,-49.89539463123522,-1.2164493189923458,-0.18904069374930876,False,True,False,True,False,False,5
20,5,15,25.0,0.2581729042451963,-0.3363977607460084,0.25581599924316656,-51.78910945379091,-3.270128702583107,-0.1877550944982072,True,True,True,False,False,False,5
20,5,15,25.0,0.2581729042451963,-0.3363977607460084,0.25581599924316656,-51.78910945379091,-3.270128702583107,-0.1877550944982072,True,True,True,False,False,False,10
20,5,15,25.0,0.2581729042451963,-0.3363977607460084,0.25581599924316656,-51.78910945379091,-3.270128702583107,-0.1877550944982072,True,True,True,False,False,False,20
20,5,15,25.0,0.2581729042451963,-0.3363977607460084,0.25581599924316656,-51.78910945379091,-3.270128702583107,-0.1877550944982072,False,True,True,False,False,False,5
20,5,15,25.0,0.2581729042451963,-0.3363977607460084,0.25581599924316656,-51.78910945379091,-3.270128702583107,-0.1877550944982072,False,True,True,False,False,False,10
20,5,15,25.0,0.2581729042451963,-0.3363977607460084,0.25581599924316656,-51.78910945379091,-3.270128702583107,-0.1877550944982072,False,True,True,False,False,False,20
59,13,46,22.033898305084744,0.2019735545466143,-0.30874397397323444,0.1848751253980868,-56.4118092994605,-10.990589671159503,-0.19621299311292878,True,False,False,False,False,True,5
59,13,46,22.033898305084744,0.2019735545466143,-0.30874397397323444,0.1848751253980868,-56.4118092994605,-10.990589671159503,-0.19621299311292878,True,False,False,False,False,True,10
59,13,46,22.033898305084744,0.2019735545466143,-0.30874397397323444,0.1848751253980868,-56.4118092994605,-10.990589671159503,-0.19621299311292878,True,False,False,False,False,True,20
62,13,49,20.967741935483872,0.2019735545466143,-0.30597111905353386,0.17512915386693054,-58.69125111359286,-11.692239477372802,-0.19946659071801892,True,False,False,False,False,False,5
62,13,49,20.967741935483872,0.2019735545466143,-0.30597111905353386,0.17512915386693054,-58.69125111359286,-11.692239477372802,-0.19946659071801892,True,False,False,False,False,False,10
62,13,49,20.967741935483872,0.2019735545466143,-0.30597111905353386,0.17512915386693054,-58.69125111359286,-11.692239477372802,-0.19946659071801892,True,False,False,False,False,False,20
48,10,38,20.833333333333336,0.17839603000522397,-0.33643689350358724,0.139538669465392,-67.40208299214424,-10.047014663622372,-0.22918003443925156,True,True,False,False,False,True,5
48,10,38,20.833333333333336,0.17839603000522397,-0.33643689350358724,0.139538669465392,-67.40208299214424,-10.047014663622372,-0.22918003443925156,True,True,False,False,False,True,10
48,10,38,20.833333333333336,0.17839603000522397,-0.33643689350358724,0.139538669465392,-67.40208299214424,-10.047014663622372,-0.22918003443925156,True,True,False,False,False,True,20
48,10,38,20.833333333333336,0.17839603000522397,-0.33643689350358724,0.139538669465392,-67.40208299214424,-10.047014663622372,-0.22918003443925156,False,True,False,False,False,True,5
48,10,38,20.833333333333336,0.17839603000522397,-0.33643689350358724,0.139538669465392,-67.40208299214424,-10.047014663622372,-0.22918003443925156,False,True,False,False,False,True,10
48,10,38,20.833333333333336,0.17839603000522397,-0.33643689350358724,0.139538669465392,-67.40208299214424,-10.047014663622372,-0.22918003443925156,False,True,False,False,False,True,20
51,10,41,19.607843137254903,0.17839603000522397,-0.33109668253635827,0.13141450398731788,-70.04052301351341,-10.7561025510311,-0.23119615066545982,True,True,False,False,False,False,5
51,10,41,19.607843137254903,0.17839603000522397,-0.33109668253635827,0.13141450398731788,-70.04052301351341,-10.7561025510311,-0.23119615066545982,True,True,False,False,False,False,10
51,10,41,19.607843137254903,0.17839603000522397,-0.33109668253635827,0.13141450398731788,-70.04052301351341,-10.7561025510311,-0.23119615066545982,True,True,False,False,False,False,20
51,10,41,19.607843137254903,0.17839603000522397,-0.33109668253635827,0.13141450398731788,-70.04052301351341,-10.7561025510311,-0.23119615066545982,False,True,False,False,False,False,5
51,10,41,19.607843137254903,0.17839603000522397,-0.33109668253635827,0.13141450398731788,-70.04052301351341,-10.7561025510311,-0.23119615066545982,False,True,False,False,False,False,10
51,10,41,19.607843137254903,0.17839603000522397,-0.33109668253635827,0.13141450398731788,-70.04052301351341,-10.7561025510311,-0.23119615066545982,False,True,False,False,False,False,20
10,0,10,0.0,0.0,-0.34362111689485747,0.0,-78.53685474571203,-3.163523669364915,-0.34362111689485747,False,False,False,False,True,False,5
10,0,10,0.0,0.0,-0.34362111689485747,0.0,-78.53685474571203,-3.163523669364915,-0.34362111689485747,False,False,False,False,True,False,10
