analysis_time,close,high_day,low_day,dist_res_pct,dist_sup_pct,near_res,near_sup,pos_in_range,poi_strength,rejection_type,change_pct,result,analysis_hour,estrategia
17:45:00,1.17304,1.17646,1.17129,0.0775762122348929,0.1125281320330072,False,False,1.0,0.8814703675919182,BULLISH_REJECTION,-0.2165314055786662,DOWN,18:00,BASELINE: FAR BELOW POI
08:45:00,1.17281,1.17425,1.16836,0.3367979468114953,0.3547036604394524,False,False,1.0,1.0,BULLISH_REJECTION,-0.4408216164596053,DOWN,09:00,BASELINE: FAR BELOW POI
11:45:00,1.17058,1.17425,1.16836,0.1469357070853716,0.1648755317876597,False,False,1.0,1.0,BULLISH_REJECTION,-0.2511575458319758,DOWN,12:00,BASELINE: FAR BELOW POI
13:45:00,1.17107,1.17425,1.16836,0.1887163021851849,0.2066486204923777,False,False,1.0,1.0,BULLISH_REJECTION,-0.2928945323507599,DOWN,14:00,BASELINE: FAR BELOW POI
17:45:00,1.17003,1.17425,1.16836,0.0999974359631713,0.1179456937001561,False,False,1.0,1.0,BULLISH_REJECTION,-0.2042682666256328,DOWN,18:00,BASELINE: FAR BELOW POI
11:45:00,1.16889,1.17023,1.16726,0.1052280368554837,0.1154941867925948,False,False,1.0,0.5081744218874554,BULLISH_REJECTION,-0.2669198983651166,DOWN,12:00,BASELINE: FAR BELOW POI
13:45:00,1.16912,1.17023,1.16726,0.1248802518133311,0.1351443820993495,False,False,1.0,0.5080744491583651,BULLISH_REJECTION,-0.2865403038182534,DOWN,14:00,BASELINE: FAR BELOW POI
17:45:00,1.16876,1.17023,1.16726,0.0941168417810415,0.1043841336116909,False,False,1.0,0.5082309456176014,BULLISH_REJECTION,-0.2558266881139026,DOWN,18:00,BASELINE: FAR BELOW POI
08:45:00,1.1671,1.16826,1.16422,0.1139576728643692,0.1276668665924077,False,False,1.0,0.6923142832662228,BULLISH_REJECTION,-0.3384457201610933,DOWN,09:00,BASELINE: FAR BELOW POI
11:45:00,1.16772,1.16826,1.16422,0.1669920871441885,0.1806940019867824,False,False,1.0,0.6919466995512696,BULLISH_REJECTION,-0.391360942691757,DOWN,12:00,BASELINE: FAR BELOW POI
08:45:00,1.16485,1.16603,1.16178,0.1339228226810324,0.1674035283512809,False,False,1.0,0.7297076876850865,BULLISH_REJECTION,-0.215478387775251,DOWN,09:00,BASELINE: FAR BELOW POI
11:45:00,1.16456,1.16603,1.16178,0.109054063337235,0.1425431064092872,False,False,1.0,0.7298894002884978,BULLISH_REJECTION,-0.1906299374871291,DOWN,12:00,BASELINE: FAR BELOW POI
13:45:00,1.16448,1.16603,1.16178,0.1021915361363032,0.1356828799120564,False,False,1.0,0.7299395438306996,BULLISH_REJECTION,-0.1837730145644434,DOWN,14:00,BASELINE: FAR BELOW POI
08:45:00,1.16878,1.16981,1.16213,0.167696230257188,0.1942196136141955,False,False,1.0,1.0,BULLISH_REJECTION,-0.3944283783090062,DOWN,09:00,BASELINE: FAR BELOW POI
11:45:00,1.16781,1.16981,1.16213,0.0847740642741581,0.1113194783398051,False,False,1.0,1.0,BULLISH_REJECTION,-0.3116945393514431,DOWN,12:00,BASELINE: FAR BELOW POI
13:45:00,1.16925,1.16981,1.16213,0.2078255291853694,0.2343382510156053,False,False,1.0,1.0,BULLISH_REJECTION,-0.4344665383793007,DOWN,14:00,BASELINE: FAR BELOW POI
08:45:00,1.16689,1.16773,1.16338,0.2159586593423611,0.2330982354806413,False,False,1.0,0.7455715620152463,BULLISH_REJECTION,-0.2082458500801217,DOWN,09:00,BASELINE: FAR BELOW POI
11:45:00,1.16682,1.16773,1.16338,0.2099724036269573,0.2271130080046657,False,False,1.0,0.7456162904303756,BULLISH_REJECTION,-0.2022591316569752,DOWN,12:00,BASELINE: FAR BELOW POI
13:45:00,1.16681,1.16773,1.16338,0.2091171656053683,0.226257916884495,False,False,1.0,0.7456226806420676,BULLISH_REJECTION,-0.2014038275297479,DOWN,14:00,BASELINE: FAR BELOW POI
08:45:00,1.16305,1.16453,1.15928,0.1779803103907842,0.1994755169597074,False,False,1.0,0.9027986758952716,BULLISH_REJECTION,-0.2768582606078845,DOWN,09:00,BASELINE: FAR BELOW POI
11:45:00,1.16305,1.16453,1.15928,0.1779803103907842,0.1994755169597074,False,False,1.0,0.9027986758952716,BULLISH_REJECTION,-0.2768582606078845,DOWN,12:00,BASELINE: FAR BELOW POI
11:45:00,1.16189,1.1627,1.15841,0.1729940011532991,0.1841826678945537,False,False,1.0,0.7384520049230352,BULLISH_REJECTION,0.0456153336374286,UP,12:00,BASELINE: FAR BELOW POI
13:45:00,1.16182,1.1627,1.15841,0.1669793943984483,0.1781687352601966,False,False,1.0,0.7384964968756136,BULLISH_REJECTION,0.0516431116696161,UP,14:00,BASELINE: FAR BELOW POI
08:45:00,1.17099,1.17426,1.16694,0.2971844336843122,0.3287816292197123,False,False,1.0,1.0,BULLISH_REJECTION,0.3714805421054045,UP,09:00,BASELINE: FAR BELOW POI
11:45:00,1.17137,1.17426,1.16694,0.3295286715555268,0.3611156167564438,False,False,1.0,1.0,BULLISH_REJECTION,0.3389193849936424,UP,12:00,BASELINE: FAR BELOW POI
13:45:00,1.17392,1.17426,1.16694,0.5460338012811798,0.5775521330243976,False,False,1.0,1.0,BULLISH_REJECTION,0.1209622461496504,UP,14:00,BASELINE: FAR BELOW POI
17:45:00,1.17025,1.17426,1.16694,0.2341380046998474,0.2657551805169789,False,False,1.0,1.0,BULLISH_REJECTION,0.4349497970519153,UP,18:00,BASELINE: FAR BELOW POI
22:45:00,1.16844,1.17426,1.16694,0.0795933038923586,0.1112594570538373,False,False,1.0,1.0,BULLISH_REJECTION,0.5905309643627511,UP,23:00,BASELINE: FAR BELOW POI
22:45:00,1.20401,1.20817,1.18499,0.116278104002464,0.2009950083471141,False,False,1.0,1.0,BULLISH_REJECTION,-0.4941819420104585,DOWN,23:00,BASELINE: FAR BELOW POI
08:45:00,1.19801,1.20255,1.18953,-0.0050083054398501,0.1235382008497363,True,False,0.961038961038991,1.0,BULLISH_REJECTION,-0.1085132845301858,DOWN,09:00,BASELINE: FAR BELOW POI
08:45:00,1.19327,1.19727,1.18496,0.6402574438308255,0.6888633754305493,False,False,1.0,1.0,BULLISH_REJECTION,-0.7282509406923903,DOWN,09:00,BASELINE: FAR BELOW POI
11:45:00,1.19488,1.19727,1.18496,0.7741363149437585,0.8226767541510449,False,False,1.0,1.0,BULLISH_REJECTION,-0.8620112479914281,DOWN,12:00,BASELINE: FAR BELOW POI
13:45:00,1.19124,1.19727,1.18496,0.4709378462778377,0.5196266075685957,False,False,1.0,1.0,BULLISH_REJECTION,-0.5590812934421368,DOWN,14:00,BASELINE: FAR BELOW POI
17:45:00,1.18721,1.19727,1.18496,0.1330851323691795,0.1819391683021674,False,False,1.0,1.0,BULLISH_REJECTION,-0.2215277836271705,DOWN,18:00,BASELINE: FAR BELOW POI
08:45:00,1.18505,1.18744,1.17756,0.4371123581283459,0.4801485169402112,False,False,1.0,1.0,BULLISH_REJECTION,-0.297877726678202,DOWN,09:00,BASELINE: FAR BELOW POI
11:45:00,1.18643,1.18744,1.17756,0.5529192619876537,0.5959053631482794,False,False,1.0,1.0,BULLISH_REJECTION,-0.4138465817621091,DOWN,12:00,BASELINE: FAR BELOW POI
13:45:00,1.18204,1.18744,1.17756,0.1835809278873816,0.2267266759162139,False,False,1.0,1.0,BULLISH_REJECTION,-0.0439917430882267,DOWN,14:00,BASELINE: FAR BELOW POI
08:45:00,1.18284,1.18377,1.17901,0.2029014913259577,0.2384092523079894,False,False,1.0,0.8048425822596628,BULLISH_REJECTION,-0.4413107436339659,DOWN,09:00,BASELINE: FAR BELOW POI
13:45:00,1.18221,1.18377,1.17901,0.1497195929657209,0.1852462760423202,False,False,1.0,0.8052714830698603,BULLISH_REJECTION,-0.3882558936229683,DOWN,14:00,BASELINE: FAR BELOW POI
08:45:00,1.18024,1.18215,1.17746,0.1982647597098902,0.2228360333491417,False,False,1.0,0.7947536094353832,BULLISH_REJECTION,0.1008269504507578,UP,09:00,BASELINE: FAR BELOW POI
11:45:00,1.17934,1.18215,1.17746,0.1221021927518873,0.1466922176810766,False,False,1.0,0.7953601166754427,BULLISH_REJECTION,0.177217765869039,UP,12:00,BASELINE: FAR BELOW POI
13:45:00,1.18114,1.18215,1.17746,0.2743112586145699,0.2988638095399387,False,False,1.0,0.7941480264829035,BULLISH_REJECTION,0.0245525509253688,UP,14:00,BASELINE: FAR BELOW POI
17:45:00,1.18004,1.18215,1.17746,0.1813497847530618,0.2059252228737951,False,False,1.0,0.7948883088708999,BULLISH_REJECTION,0.1177926171994171,UP,18:00,BASELINE: FAR BELOW POI
08:45:00,1.19089,1.19283,1.18864,0.1713004559615112,0.1889343264281407,False,False,1.0,0.7036754024301385,NO_REJECTION,-0.2896993005231342,DOWN,09:00,BASELINE: FAR BELOW POI
11:45:00,1.19034,1.19283,1.18864,0.1251743199422006,0.1428163381890917,False,False,1.0,0.7040005376615317,NO_REJECTION,-0.2436278710284374,DOWN,12:00,BASELINE: FAR BELOW POI
13:45:00,1.1905,1.19283,1.18864,0.1385972280554329,0.1562368752624924,False,False,1.0,0.7039059218815856,NO_REJECTION,-0.2570348593028005,DOWN,14:00,BASELINE: FAR BELOW POI
08:45:00,1.19181,1.1927,1.18327,0.3557614049219272,0.3901628615299454,False,False,1.0,1.0,BULLISH_REJECTION,-0.4136565392134737,DOWN,09:00,BASELINE: FAR BELOW POI
11:45:00,1.19078,1.1927,1.18327,0.2695712054283692,0.304002418582774,False,False,1.0,1.0,BULLISH_REJECTION,-0.3275164178101761,DOWN,12:00,BASELINE: FAR BELOW POI
17:45:00,1.18855,1.1927,1.18327,0.0824534096167583,0.11694922384418,False,False,1.0,1.0,BULLISH_REJECTION,-0.1405073408775449,DOWN,18:00,BASELINE: FAR BELOW POI
08:45:00,1.18797,1.18896,1.1852,0.0841772098621926,0.1085886007222416,False,False,1.0,0.633012618163756,BULLISH_REJECTION,-0.091753158749803,DOWN,09:00,BASELINE: FAR BELOW POI
11:45:00,1.18841,1.18896,1.1852,0.1211703031781864,0.1455726559015835,False,False,1.0,0.6327782499305771,BULLISH_REJECTION,-0.1287434471268359,DOWN,12:00,BASELINE: FAR BELOW POI
13:45:00,1.18846,1.18896,1.1852,0.1253723305790679,0.1497736566649373,False,False,1.0,0.632751628157445,BULLISH_REJECTION,-0.1329451559160709,DOWN,14:00,BASELINE: FAR BELOW POI
08:45:00,1.18647,1.18702,1.18458,0.1230541016629174,0.140753664230856,False,False,1.0,0.4113041206267327,BULLISH_REJECTION,-0.1205255927246218,DOWN,09:00,BASELINE: FAR BELOW POI
11:45:00,1.18609,1.18702,1.18458,0.0910554848283175,0.1087607179893611,False,False,1.0,0.4114358944093614,BULLISH_REJECTION,-0.0885261658052926,DOWN,12:00,BASELINE: FAR BELOW POI
08:45:00,1.18309,1.18533,1.17818,0.3592287991615063,0.3719074626613325,False,False,1.0,1.0,BULLISH_REJECTION,-0.5308133785257304,DOWN,09:00,BASELINE: FAR BELOW POI
11:45:00,1.18343,1.18533,1.17818,0.3878556399617951,0.4005306608755876,False,False,1.0,1.0,BULLISH_REJECTION,-0.5593909229950289,DOWN,12:00,BASELINE: FAR BELOW POI
13:45:00,1.18234,1.18533,1.17818,0.2960231405517733,0.3087098465754294,False,False,1.0,1.0,BULLISH_REJECTION,-0.4677165620718266,DOWN,14:00,BASELINE: FAR BELOW POI
17:45:00,1.18057,1.18533,1.17818,0.146539383518113,0.1592451104127567,False,False,1.0,1.0,BULLISH_REJECTION,-0.3184902208255322,DOWN,18:00,BASELINE: FAR BELOW POI
08:45:00,1.18009,1.18073,1.17416,0.2609970425984623,0.2796396884983417,False,False,1.0,1.0,BULLISH_REJECTION,-0.1728681710717014,DOWN,09:00,BASELINE: FAR BELOW POI
11:45:00,1.17804,1.18073,1.17416,0.0874333638925746,0.1061084513259289,False,False,1.0,1.0,BULLISH_REJECTION,0.000848867610613,UP,12:00,BASELINE: FAR BELOW POI
08:45:00,1.18101,1.18342,1.17741,0.1278566650578657,0.1498717199684869,False,False,1.0,1.0,BULLISH_REJECTION,-0.309057501629955,DOWN,09:00,BASELINE: FAR BELOW POI
17:45:00,1.17851,1.1796,1.17657,0.0797617330357774,0.1001264308321489,False,False,1.0,0.5142086193583574,BULLISH_REJECTION,0.2503160770803819,UP,18:00,BASELINE: FAR BELOW POI
